금융회사명,상품명,가입방법,만기이자,우대조건,가입대상,금리유형,적립유형,저축기간(개월),기본금리(%),최고우대금리(%),금융권
경남은행,BNK 위더스자유적금,"영업점,인터넷,스마트폰,기타","만기후 1개월 이내: 일반정기예금 기본이율의 50%
만기후 1개월 초과: 일반정기예금 기본이율의 20%","①ESG 실천 우대금리 1.00%
②신규고객 우대금리 1.00%
- 당행 1년 이내예적금(청약포함)신규해지 이력미보유
③마케팅동의우대금리 0.50%",실명의 개인 및 개인사업자,단리,자유적립식,1,1.45,3.95,1금융권
경남은행,BNK 위더스자유적금,"영업점,인터넷,스마트폰,기타","만기후 1개월 이내: 일반정기예금 기본이율의 50%
만기후 1개월 초과: 일반정기예금 기본이율의 20%","①ESG 실천 우대금리 1.00%
②신규고객 우대금리 1.00%
- 당행 1년 이내예적금(청약포함)신규해지 이력미보유
③마케팅동의우대금리 0.50%",실명의 개인 및 개인사업자,단리,자유적립식,6,1.8,4.3,1금융권
경남은행,BNK 위더스자유적금,"영업점,인터넷,스마트폰,기타","만기후 1개월 이내: 일반정기예금 기본이율의 50%
만기후 1개월 초과: 일반정기예금 기본이율의 20%","①ESG 실천 우대금리 1.00%
②신규고객 우대금리 1.00%
- 당행 1년 이내예적금(청약포함)신규해지 이력미보유
③마케팅동의우대금리 0.50%",실명의 개인 및 개인사업자,단리,자유적립식,12,2.1,4.6,1금융권
경남은행,BNK 위더스자유적금,"영업점,인터넷,스마트폰,기타","만기후 1개월 이내: 일반정기예금 기본이율의 50%
만기후 1개월 초과: 일반정기예금 기본이율의 20%","①ESG 실천 우대금리 1.00%
②신규고객 우대금리 1.00%
- 당행 1년 이내예적금(청약포함)신규해지 이력미보유
③마케팅동의우대금리 0.50%",실명의 개인 및 개인사업자,단리,자유적립식,24,2.1,4.6,1금융권
경남은행,BNK 위더스자유적금,"영업점,인터넷,스마트폰,기타","만기후 1개월 이내: 일반정기예금 기본이율의 50%
만기후 1개월 초과: 일반정기예금 기본이율의 20%","①ESG 실천 우대금리 1.00%
②신규고객 우대금리 1.00%
- 당행 1년 이내예적금(청약포함)신규해지 이력미보유
③마케팅동의우대금리 0.50%",실명의 개인 및 개인사업자,단리,자유적립식,36,2.1,4.6,1금융권
경남은행,BNK더조은자유적금,"인터넷,스마트폰","만기후 1개월 이내: 일반정기예금 기본이율의 50%
만기후 1개월 초과: 일반정기예금 기본이율의 20%","①오픈뱅킹서비스 가입 0.20%(만기까지 유지)
②당행 입출금통장에서 자동이체시 입금건별 0.20%
③이 상품 신규시 금리우대쿠폰을 등록할 경우 0.30%","거래대상자는 제한을 두지 아니한다. 다만, 국가 및 지방자치단체는 이 예금을 거래할 수 없다.",단리,자유적립식,6,3.1,3.8,1금융권
경남은행,BNK더조은자유적금,"인터넷,스마트폰","만기후 1개월 이내: 일반정기예금 기본이율의 50%
만기후 1개월 초과: 일반정기예금 기본이율의 20%","①오픈뱅킹서비스 가입 0.20%(만기까지 유지)
②당행 입출금통장에서 자동이체시 입금건별 0.20%
③이 상품 신규시 금리우대쿠폰을 등록할 경우 0.30%","거래대상자는 제한을 두지 아니한다. 다만, 국가 및 지방자치단체는 이 예금을 거래할 수 없다.",단리,자유적립식,12,3.2,3.9,1금융권
경남은행,BNK더조은자유적금,"인터넷,스마트폰","만기후 1개월 이내: 일반정기예금 기본이율의 50%
만기후 1개월 초과: 일반정기예금 기본이율의 20%","①오픈뱅킹서비스 가입 0.20%(만기까지 유지)
②당행 입출금통장에서 자동이체시 입금건별 0.20%
③이 상품 신규시 금리우대쿠폰을 등록할 경우 0.30%","거래대상자는 제한을 두지 아니한다. 다만, 국가 및 지방자치단체는 이 예금을 거래할 수 없다.",단리,자유적립식,24,3.3,4.0,1금융권
경남은행,오늘도세이브적금,"인터넷,스마트폰,기타","만기후 1개월 이내: 일반정기예금 기본이율의 50%
만기후 1개월 초과: 일반정기예금 기본이율의 20%","①마케팅동의 0.15%
②목돈마련 축하이율 0.30~1.00%
③친구 추천번호 0.30~0.60%",실명의 개인 및 개인사업자,단리,자유적립식,1,2.75,4.5,1금융권
경남은행,오늘도세이브적금,"인터넷,스마트폰,기타","만기후 1개월 이내: 일반정기예금 기본이율의 50%
만기후 1개월 초과: 일반정기예금 기본이율의 20%","①마케팅동의 0.15%
②목돈마련 축하이율 0.30~1.00%
③친구 추천번호 0.30~0.60%",실명의 개인 및 개인사업자,단리,자유적립식,3,2.75,4.5,1금융권
경남은행,오늘도세이브적금,"인터넷,스마트폰,기타","만기후 1개월 이내: 일반정기예금 기본이율의 50%
만기후 1개월 초과: 일반정기예금 기본이율의 20%","①마케팅동의 0.15%
②목돈마련 축하이율 0.30~1.00%
③친구 추천번호 0.30~0.60%",실명의 개인 및 개인사업자,단리,자유적립식,6,2.75,4.5,1금융권
경남은행,주거래 프리미엄 적금,"영업점,인터넷,스마트폰","만기후 1개월 이내: 일반정기예금 기본이율의 50%
만기후 1개월 초과: 일반정기예금 기본이율의 20%","①주거래우대 0.50%
②공과금 자동이체 0.40~0.60%
③신규고객 0.20%
④주택청약종합저축 보유 0.10%
⑤ 전자명함을 통한 신규 시 0.2%",실명의 개인 및 개인사업자,단리,정액적립식,12,2.75,4.35,1금융권
경남은행,주거래 프리미엄 적금,"영업점,인터넷,스마트폰","만기후 1개월 이내: 일반정기예금 기본이율의 50%
만기후 1개월 초과: 일반정기예금 기본이율의 20%","①주거래우대 0.50%
②공과금 자동이체 0.40~0.60%
③신규고객 0.20%
④주택청약종합저축 보유 0.10%
⑤ 전자명함을 통한 신규 시 0.2%",실명의 개인 및 개인사업자,단리,정액적립식,24,2.8,4.4,1금융권
경남은행,주거래 프리미엄 적금,"영업점,인터넷,스마트폰","만기후 1개월 이내: 일반정기예금 기본이율의 50%
만기후 1개월 초과: 일반정기예금 기본이율의 20%","①주거래우대 0.50%
②공과금 자동이체 0.40~0.60%
③신규고객 0.20%
④주택청약종합저축 보유 0.10%
⑤ 전자명함을 통한 신규 시 0.2%",실명의 개인 및 개인사업자,단리,정액적립식,36,2.85,4.45,1금융권
경남은행,행복 DREAM 적금,"영업점,인터넷,스마트폰","만기후 1개월 이내: 일반정기예금 기본이율의 50%
만기후 1개월 초과: 일반정기예금 기본이율의 20%","①신규일로부터 6개월전까지 당행 적금 미보유 0.2%
②월부금이 50만원 이상인 경우 0.20%
③이 예금을 자동이체로 납입하는 경우 0.2%
④신규일로부터 익월 말일까지 신용(체크)카드를 최초로 발급하고 동 기간내에 10만원이상 이용실적이 있는경우 0.2%
⑤이 예금 가입전 경남은행 마케팅동의가 되어있는경우 0.2%",실명의 개인 및 개인사업자,단리,정액적립식,12,2.9,3.9,1금융권
경남은행,행복 DREAM 적금,"영업점,인터넷,스마트폰","만기후 1개월 이내: 일반정기예금 기본이율의 50%
만기후 1개월 초과: 일반정기예금 기본이율의 20%","①신규일로부터 6개월전까지 당행 적금 미보유 0.2%
②월부금이 50만원 이상인 경우 0.20%
③이 예금을 자동이체로 납입하는 경우 0.2%
④신규일로부터 익월 말일까지 신용(체크)카드를 최초로 발급하고 동 기간내에 10만원이상 이용실적이 있는경우 0.2%
⑤이 예금 가입전 경남은행 마케팅동의가 되어있는경우 0.2%",실명의 개인 및 개인사업자,단리,정액적립식,24,3.0,4.0,1금융권
경남은행,행복 DREAM 적금,"영업점,인터넷,스마트폰","만기후 1개월 이내: 일반정기예금 기본이율의 50%
만기후 1개월 초과: 일반정기예금 기본이율의 20%","①신규일로부터 6개월전까지 당행 적금 미보유 0.2%
②월부금이 50만원 이상인 경우 0.20%
③이 예금을 자동이체로 납입하는 경우 0.2%
④신규일로부터 익월 말일까지 신용(체크)카드를 최초로 발급하고 동 기간내에 10만원이상 이용실적이 있는경우 0.2%
⑤이 예금 가입전 경남은행 마케팅동의가 되어있는경우 0.2%",실명의 개인 및 개인사업자,단리,정액적립식,36,3.1,4.1,1금융권
광주은행,VIP플러스적금,"영업점,인터넷,스마트폰","*만기후 1개월 이내: 만기일 당시 최초 가입 기간별 고시금리의 1/2 
*만기후 1개월 초과: 0.1%","▶ 최고우대금리 0.50%p  
①이 예금가입시 VIP고객이거나 가입일 이후부터 만기일전일까지 VIP고객에 선정된 경험이 있는 경우 : 0.3%p 
②이 예금 가입일에 정기예금 500만원이상(만기 1년이상) 가입하고 만기일 전일까지 유지한 경우 : 0.2%p",실명의 개인,단리,정액적립식,12,2.5,3.0,1금융권
광주은행,VIP플러스적금,"영업점,인터넷,스마트폰","*만기후 1개월 이내: 만기일 당시 최초 가입 기간별 고시금리의 1/2 
*만기후 1개월 초과: 0.1%","▶ 최고우대금리 0.50%p  
①이 예금가입시 VIP고객이거나 가입일 이후부터 만기일전일까지 VIP고객에 선정된 경험이 있는 경우 : 0.3%p 
②이 예금 가입일에 정기예금 500만원이상(만기 1년이상) 가입하고 만기일 전일까지 유지한 경우 : 0.2%p",실명의 개인,단리,자유적립식,12,2.3,2.8,1금융권
광주은행,여행스케치_남도투어적금,"영업점,스마트폰","만기후 1개월 이내: 만기일 당시 최초 가입 기간별 고시금리의 1/2 
만기후 1개월 초과: 0.1%","▶ 최고우대금리 1.9%p 
①예금가입일~만기일전일까지 당행이선정한 전라남도 관광지 방문 인증시 : 최고 1.5%p
②신용(체크)카드사용실적300만원이상:최고 0.3%p
③개인(신용)정보 동의: 0.1%p",만14세이상 개인 및 개인사업자,단리,정액적립식,12,2.2,4.1,1금융권
광주은행,여행스케치_남도투어적금,"영업점,스마트폰","만기후 1개월 이내: 만기일 당시 최초 가입 기간별 고시금리의 1/2 
만기후 1개월 초과: 0.1%","▶ 최고우대금리 1.9%p 
①예금가입일~만기일전일까지 당행이선정한 전라남도 관광지 방문 인증시 : 최고 1.5%p
②신용(체크)카드사용실적300만원이상:최고 0.3%p
③개인(신용)정보 동의: 0.1%p",만14세이상 개인 및 개인사업자,단리,자유적립식,12,2.0,3.9,1금융권
광주은행,해피라이프_여행스케치적금V,"영업점,스마트폰","*만기후 1개월 이내: 만기일 당시 최초 가입 기간별 고시금리의 1/2 
*만기후 1개월 초과: 0.1%","▶ 최고우대금리 1.20%p  
①해피라이프_여행스케치외화적금V 동일자가입 0.5%p 
②해지원금 기준 500만원이상 : 최고0.2%p
③신용(체크)카드사용실적300만원이상:최고 0.3%p
④개인(신용)정보 동의: 0.2%p","제한없음(단,국가및지방자치단체제외)",단리,자유적립식,6,2.2,3.4,1금융권
광주은행,해피라이프_여행스케치적금V,"영업점,스마트폰","*만기후 1개월 이내: 만기일 당시 최초 가입 기간별 고시금리의 1/2 
*만기후 1개월 초과: 0.1%","▶ 최고우대금리 1.20%p  
①해피라이프_여행스케치외화적금V 동일자가입 0.5%p 
②해지원금 기준 500만원이상 : 최고0.2%p
③신용(체크)카드사용실적300만원이상:최고 0.3%p
④개인(신용)정보 동의: 0.2%p","제한없음(단,국가및지방자치단체제외)",단리,정액적립식,6,2.4,3.6,1금융권
광주은행,해피라이프_여행스케치적금V,"영업점,스마트폰","*만기후 1개월 이내: 만기일 당시 최초 가입 기간별 고시금리의 1/2 
*만기후 1개월 초과: 0.1%","▶ 최고우대금리 1.20%p  
①해피라이프_여행스케치외화적금V 동일자가입 0.5%p 
②해지원금 기준 500만원이상 : 최고0.2%p
③신용(체크)카드사용실적300만원이상:최고 0.3%p
④개인(신용)정보 동의: 0.2%p","제한없음(단,국가및지방자치단체제외)",단리,자유적립식,12,2.3,3.5,1금융권
광주은행,해피라이프_여행스케치적금V,"영업점,스마트폰","*만기후 1개월 이내: 만기일 당시 최초 가입 기간별 고시금리의 1/2 
*만기후 1개월 초과: 0.1%","▶ 최고우대금리 1.20%p  
①해피라이프_여행스케치외화적금V 동일자가입 0.5%p 
②해지원금 기준 500만원이상 : 최고0.2%p
③신용(체크)카드사용실적300만원이상:최고 0.3%p
④개인(신용)정보 동의: 0.2%p","제한없음(단,국가및지방자치단체제외)",단리,정액적립식,12,2.5,3.7,1금융권
광주은행,해피라이프_여행스케치적금V,"영업점,스마트폰","*만기후 1개월 이내: 만기일 당시 최초 가입 기간별 고시금리의 1/2 
*만기후 1개월 초과: 0.1%","▶ 최고우대금리 1.20%p  
①해피라이프_여행스케치외화적금V 동일자가입 0.5%p 
②해지원금 기준 500만원이상 : 최고0.2%p
③신용(체크)카드사용실적300만원이상:최고 0.3%p
④개인(신용)정보 동의: 0.2%p","제한없음(단,국가및지방자치단체제외)",단리,자유적립식,24,2.2,3.4,1금융권
광주은행,해피라이프_여행스케치적금V,"영업점,스마트폰","*만기후 1개월 이내: 만기일 당시 최초 가입 기간별 고시금리의 1/2 
*만기후 1개월 초과: 0.1%","▶ 최고우대금리 1.20%p  
①해피라이프_여행스케치외화적금V 동일자가입 0.5%p 
②해지원금 기준 500만원이상 : 최고0.2%p
③신용(체크)카드사용실적300만원이상:최고 0.3%p
④개인(신용)정보 동의: 0.2%p","제한없음(단,국가및지방자치단체제외)",단리,정액적립식,24,2.4,3.6,1금융권
광주은행,해피라이프_여행스케치적금V,"영업점,스마트폰","*만기후 1개월 이내: 만기일 당시 최초 가입 기간별 고시금리의 1/2 
*만기후 1개월 초과: 0.1%","▶ 최고우대금리 1.20%p  
①해피라이프_여행스케치외화적금V 동일자가입 0.5%p 
②해지원금 기준 500만원이상 : 최고0.2%p
③신용(체크)카드사용실적300만원이상:최고 0.3%p
④개인(신용)정보 동의: 0.2%p","제한없음(단,국가및지방자치단체제외)",단리,자유적립식,36,2.2,3.4,1금융권
광주은행,해피라이프_여행스케치적금V,"영업점,스마트폰","*만기후 1개월 이내: 만기일 당시 최초 가입 기간별 고시금리의 1/2 
*만기후 1개월 초과: 0.1%","▶ 최고우대금리 1.20%p  
①해피라이프_여행스케치외화적금V 동일자가입 0.5%p 
②해지원금 기준 500만원이상 : 최고0.2%p
③신용(체크)카드사용실적300만원이상:최고 0.3%p
④개인(신용)정보 동의: 0.2%p","제한없음(단,국가및지방자치단체제외)",단리,정액적립식,36,2.4,3.6,1금융권
국민은행,KB 특★한 적금,스마트폰,"- 1개월 이내 : 기본이율 X 50%
- 1개월 초과  ~ 3개월 이내 : 기본이율 X 30%
- 3개월 초과 : 0.1%","항목별 적용 조건 충족시, 최고 연 4.0%p
① 목표달성 축하 우대이율: 최고 연 1.0%p
    50만원 이하: 연 0.5%p, 50만원 초과: 연 1.0%p 
② 별 모으기 우대이율 : 최고 연 1.0%p
    10개: 연 0.5%p, 20개: 연 1.0%p
③ 함께해요 우대이율: 최고 연 2.0%p",실명의 개인,단리,자유적립식,1,2.0,6.0,1금융권
국민은행,KB 특★한 적금,스마트폰,"- 1개월 이내 : 기본이율 X 50%
- 1개월 초과  ~ 3개월 이내 : 기본이율 X 30%
- 3개월 초과 : 0.1%","항목별 적용 조건 충족시, 최고 연 4.0%p
① 목표달성 축하 우대이율: 최고 연 1.0%p
    50만원 이하: 연 0.5%p, 50만원 초과: 연 1.0%p 
② 별 모으기 우대이율 : 최고 연 1.0%p
    10개: 연 0.5%p, 20개: 연 1.0%p
③ 함께해요 우대이율: 최고 연 2.0%p",실명의 개인,단리,자유적립식,3,2.0,6.0,1금융권
국민은행,KB 특★한 적금,스마트폰,"- 1개월 이내 : 기본이율 X 50%
- 1개월 초과  ~ 3개월 이내 : 기본이율 X 30%
- 3개월 초과 : 0.1%","항목별 적용 조건 충족시, 최고 연 4.0%p
① 목표달성 축하 우대이율: 최고 연 1.0%p
    50만원 이하: 연 0.5%p, 50만원 초과: 연 1.0%p 
② 별 모으기 우대이율 : 최고 연 1.0%p
    10개: 연 0.5%p, 20개: 연 1.0%p
③ 함께해요 우대이율: 최고 연 2.0%p",실명의 개인,단리,자유적립식,6,2.0,6.0,1금융권
국민은행,KB국민프리미엄적금(정액),"영업점,인터넷,스마트폰,전화(텔레뱅킹)","- 1개월 이내 : 기본이율 X 50%
- 1개월 초과  ~ 3개월 이내 : 기본이율 X 30%
- 3개월 초과 : 0.1%","① 단체가입/나라사랑/쿠폰 우대이율: 
    1년: 연 0.6%p, 2년: 연 0.7%p,
    3년: 연 0.9%p, 5년: 연 1.0%p 
   (중복적용되지 않음, 계약기간별차등적용)
② 교차거래 우대이율: 연 0.3%p",실명의 개인,단리,정액적립식,12,2.5,3.4,1금융권
국민은행,KB국민프리미엄적금(정액),"영업점,인터넷,스마트폰,전화(텔레뱅킹)","- 1개월 이내 : 기본이율 X 50%
- 1개월 초과  ~ 3개월 이내 : 기본이율 X 30%
- 3개월 초과 : 0.1%","① 단체가입/나라사랑/쿠폰 우대이율: 
    1년: 연 0.6%p, 2년: 연 0.7%p,
    3년: 연 0.9%p, 5년: 연 1.0%p 
   (중복적용되지 않음, 계약기간별차등적용)
② 교차거래 우대이율: 연 0.3%p",실명의 개인,단리,정액적립식,24,2.7,3.7,1금융권
국민은행,KB국민프리미엄적금(정액),"영업점,인터넷,스마트폰,전화(텔레뱅킹)","- 1개월 이내 : 기본이율 X 50%
- 1개월 초과  ~ 3개월 이내 : 기본이율 X 30%
- 3개월 초과 : 0.1%","① 단체가입/나라사랑/쿠폰 우대이율: 
    1년: 연 0.6%p, 2년: 연 0.7%p,
    3년: 연 0.9%p, 5년: 연 1.0%p 
   (중복적용되지 않음, 계약기간별차등적용)
② 교차거래 우대이율: 연 0.3%p",실명의 개인,단리,정액적립식,36,2.8,4.0,1금융권
국민은행,KB내맘대로적금,"인터넷,스마트폰","- 1개월 이내 : 기본이율 X 50%
- 1개월 초과  ~ 3개월 이내 : 기본이율 X 30%
- 3개월 초과 : 0.1%","신규 시 다음의 9가지 우대이율 항목 중 6가지를 자유롭게 선택하고, 아래 우대이율 적용조건 충족 시 항목 당 각 연0.1%p의 우대이율 적용
(최고 연0.6%p)
 - 우대이율 항목 : 급여이체, 카드결제계좌, 자동이체 저축, 아파트관리비 이체, KB스타뱅킹 이체, 장기거래, 첫 거래, 주택청약종합저축, 소중한 날",실명의 개인 또는 개인사업자,단리,정액적립식,6,2.3,2.9,1금융권
국민은행,KB내맘대로적금,"인터넷,스마트폰","- 1개월 이내 : 기본이율 X 50%
- 1개월 초과  ~ 3개월 이내 : 기본이율 X 30%
- 3개월 초과 : 0.1%","신규 시 다음의 9가지 우대이율 항목 중 6가지를 자유롭게 선택하고, 아래 우대이율 적용조건 충족 시 항목 당 각 연0.1%p의 우대이율 적용
(최고 연0.6%p)
 - 우대이율 항목 : 급여이체, 카드결제계좌, 자동이체 저축, 아파트관리비 이체, KB스타뱅킹 이체, 장기거래, 첫 거래, 주택청약종합저축, 소중한 날",실명의 개인 또는 개인사업자,단리,정액적립식,12,2.55,3.15,1금융권
국민은행,KB내맘대로적금,"인터넷,스마트폰","- 1개월 이내 : 기본이율 X 50%
- 1개월 초과  ~ 3개월 이내 : 기본이율 X 30%
- 3개월 초과 : 0.1%","신규 시 다음의 9가지 우대이율 항목 중 6가지를 자유롭게 선택하고, 아래 우대이율 적용조건 충족 시 항목 당 각 연0.1%p의 우대이율 적용
(최고 연0.6%p)
 - 우대이율 항목 : 급여이체, 카드결제계좌, 자동이체 저축, 아파트관리비 이체, KB스타뱅킹 이체, 장기거래, 첫 거래, 주택청약종합저축, 소중한 날",실명의 개인 또는 개인사업자,단리,정액적립식,24,2.75,3.35,1금융권
국민은행,KB내맘대로적금,"인터넷,스마트폰","- 1개월 이내 : 기본이율 X 50%
- 1개월 초과  ~ 3개월 이내 : 기본이율 X 30%
- 3개월 초과 : 0.1%","신규 시 다음의 9가지 우대이율 항목 중 6가지를 자유롭게 선택하고, 아래 우대이율 적용조건 충족 시 항목 당 각 연0.1%p의 우대이율 적용
(최고 연0.6%p)
 - 우대이율 항목 : 급여이체, 카드결제계좌, 자동이체 저축, 아파트관리비 이체, KB스타뱅킹 이체, 장기거래, 첫 거래, 주택청약종합저축, 소중한 날",실명의 개인 또는 개인사업자,단리,정액적립식,36,2.95,3.55,1금융권
국민은행,KB맑은하늘적금,"영업점,인터넷,스마트폰","- 1개월 이내 : 기본이율 X 50%
- 1개월 초과  ~ 3개월 이내 : 기본이율 X 30%
- 3개월 초과 : 0.1%","맑은하늘을 위한 미션별 제공조건을 달성하는 경우 각 미션별 우대이율 제공
 - 1년제최고 연 0.8%p, 2년제 최고 연 0.9%p, 3년제 최고연 1.0%p
① 종이통장 줄이기 미션: 연 0.1%p
② 종이서식 줄이기 미션: 연 0.2%p
③ 대중교통 미션: 1년제 연 0.4%p,2년제 연 0.5%p, 3년제 연 0.6%p
④ 퀴즈미션:연 0.1%p",실명의 개인,단리,자유적립식,12,2.45,3.25,1금융권
국민은행,KB맑은하늘적금,"영업점,인터넷,스마트폰","- 1개월 이내 : 기본이율 X 50%
- 1개월 초과  ~ 3개월 이내 : 기본이율 X 30%
- 3개월 초과 : 0.1%","맑은하늘을 위한 미션별 제공조건을 달성하는 경우 각 미션별 우대이율 제공
 - 1년제최고 연 0.8%p, 2년제 최고 연 0.9%p, 3년제 최고연 1.0%p
① 종이통장 줄이기 미션: 연 0.1%p
② 종이서식 줄이기 미션: 연 0.2%p
③ 대중교통 미션: 1년제 연 0.4%p,2년제 연 0.5%p, 3년제 연 0.6%p
④ 퀴즈미션:연 0.1%p",실명의 개인,단리,자유적립식,24,2.55,3.45,1금융권
국민은행,KB맑은하늘적금,"영업점,인터넷,스마트폰","- 1개월 이내 : 기본이율 X 50%
- 1개월 초과  ~ 3개월 이내 : 기본이율 X 30%
- 3개월 초과 : 0.1%","맑은하늘을 위한 미션별 제공조건을 달성하는 경우 각 미션별 우대이율 제공
 - 1년제최고 연 0.8%p, 2년제 최고 연 0.9%p, 3년제 최고연 1.0%p
① 종이통장 줄이기 미션: 연 0.1%p
② 종이서식 줄이기 미션: 연 0.2%p
③ 대중교통 미션: 1년제 연 0.4%p,2년제 연 0.5%p, 3년제 연 0.6%p
④ 퀴즈미션:연 0.1%p",실명의 개인,단리,자유적립식,36,2.85,3.85,1금융권
농협은행주식회사,NH1934월복리적금,"영업점,인터넷,스마트폰","만기후 1년 이내 : 만기시점 계약기간별 기본금리의 1/2
만기후 1년 초과 : 보통예금 금리","1. 급여실적 : 1.0%p (①/② 중복 적용 불가)
 ① 급여이체 실적 : 1.0%p
 ② 개인사업자 계좌 실적 :1.0%p
2. 비대면 채널 이체 실적 : 0.3%p
3. 마케팅 동의 : 0.2%p
4. 농업계고 및 청년농부사관학교 졸업자 : 2.0%p",만19세~만34세 개인 및 개인사업자,복리,자유적립식,6,2.45,5.95,1금융권
농협은행주식회사,NH1934월복리적금,"영업점,인터넷,스마트폰","만기후 1년 이내 : 만기시점 계약기간별 기본금리의 1/2
만기후 1년 초과 : 보통예금 금리","1. 급여실적 : 1.0%p (①/② 중복 적용 불가)
 ① 급여이체 실적 : 1.0%p
 ② 개인사업자 계좌 실적 :1.0%p
2. 비대면 채널 이체 실적 : 0.3%p
3. 마케팅 동의 : 0.2%p
4. 농업계고 및 청년농부사관학교 졸업자 : 2.0%p",만19세~만34세 개인 및 개인사업자,복리,자유적립식,12,2.55,6.05,1금융권
농협은행주식회사,NH1934월복리적금,"영업점,인터넷,스마트폰","만기후 1년 이내 : 만기시점 계약기간별 기본금리의 1/2
만기후 1년 초과 : 보통예금 금리","1. 급여실적 : 1.0%p (①/② 중복 적용 불가)
 ① 급여이체 실적 : 1.0%p
 ② 개인사업자 계좌 실적 :1.0%p
2. 비대면 채널 이체 실적 : 0.3%p
3. 마케팅 동의 : 0.2%p
4. 농업계고 및 청년농부사관학교 졸업자 : 2.0%p",만19세~만34세 개인 및 개인사업자,복리,자유적립식,24,2.6,6.1,1금융권
농협은행주식회사,NH고향사랑기부적금,"영업점,인터넷,스마트폰","만기후 1년 이내 : 만기시점 계약기간별 기본금리의 1/2
만기후 1년 초과 : 보통예금 금리","1. 고향사랑기부금 납부고객 우대 : 0.5%p

2-1. 만 65세 이상 고령자 우대 : 0.1%p
2-2. 만 19~34세 MZ고객 우대 : 0.3%p

3. 고향사랑특별금리 : 0.1%p(금리시장상황에 따라 변동 가능)
 - 고향사랑특별금리는 상품 가입고객 모두에게 적용",개인,단리,자유적립식,12,2.85,3.65,1금융권
농협은행주식회사,NH고향사랑기부적금,"영업점,인터넷,스마트폰","만기후 1년 이내 : 만기시점 계약기간별 기본금리의 1/2
만기후 1년 초과 : 보통예금 금리","1. 고향사랑기부금 납부고객 우대 : 0.5%p

2-1. 만 65세 이상 고령자 우대 : 0.1%p
2-2. 만 19~34세 MZ고객 우대 : 0.3%p

3. 고향사랑특별금리 : 0.1%p(금리시장상황에 따라 변동 가능)
 - 고향사랑특별금리는 상품 가입고객 모두에게 적용",개인,단리,자유적립식,24,2.9,3.7,1금융권
농협은행주식회사,NH고향사랑기부적금,"영업점,인터넷,스마트폰","만기후 1년 이내 : 만기시점 계약기간별 기본금리의 1/2
만기후 1년 초과 : 보통예금 금리","1. 고향사랑기부금 납부고객 우대 : 0.5%p

2-1. 만 65세 이상 고령자 우대 : 0.1%p
2-2. 만 19~34세 MZ고객 우대 : 0.3%p

3. 고향사랑특별금리 : 0.1%p(금리시장상황에 따라 변동 가능)
 - 고향사랑특별금리는 상품 가입고객 모두에게 적용",개인,단리,자유적립식,36,2.95,3.75,1금융권
농협은행주식회사,NH내가Green초록세상적금,"영업점,인터넷,스마트폰","만기후 1년 이내 : 만기시점 계약기간별 기본금리의 1/2
만기후 1년 초과 : 보통예금 금리","※ 우대금리 최대한도 : 1.0%p(연%, 세전)
1. 온실가스 줄이기 실천서약서 동의 : 0.1%p
2. 통장미발급 : 0.3%p
3. 손하나로인증 서비스 등록 : 0.2%p
4. 대중교통이용 : 0.2%p
5. NH내가Green초록세상예금 동시 보유 : 0.2%p",개인,단리,자유적립식,12,2.55,3.55,1금융권
농협은행주식회사,NH내가Green초록세상적금,"영업점,인터넷,스마트폰","만기후 1년 이내 : 만기시점 계약기간별 기본금리의 1/2
만기후 1년 초과 : 보통예금 금리","※ 우대금리 최대한도 : 1.0%p(연%, 세전)
1. 온실가스 줄이기 실천서약서 동의 : 0.1%p
2. 통장미발급 : 0.3%p
3. 손하나로인증 서비스 등록 : 0.2%p
4. 대중교통이용 : 0.2%p
5. NH내가Green초록세상예금 동시 보유 : 0.2%p",개인,단리,자유적립식,24,2.6,3.6,1금융권
농협은행주식회사,NH내가Green초록세상적금,"영업점,인터넷,스마트폰","만기후 1년 이내 : 만기시점 계약기간별 기본금리의 1/2
만기후 1년 초과 : 보통예금 금리","※ 우대금리 최대한도 : 1.0%p(연%, 세전)
1. 온실가스 줄이기 실천서약서 동의 : 0.1%p
2. 통장미발급 : 0.3%p
3. 손하나로인증 서비스 등록 : 0.2%p
4. 대중교통이용 : 0.2%p
5. NH내가Green초록세상예금 동시 보유 : 0.2%p",개인,단리,자유적립식,36,2.65,3.65,1금융권
농협은행주식회사,NH올원e 미니적금,스마트폰,"만기후 1년 이내 : 만기시점 계약기간별 자유로우대적금 기본금리의 1/2
만기후 1년 초과 : 보통예금 금리","1. 자동이체 입금횟수 우대금리 : 최고 0.5%p
 - 5회이상 : 0.2%p, 10회이상 : 0.3%p, 15회이상 0.5%p
2. 목표금액 달성 축하금리  : 0.5%p
3. MZ세대(만 19~34세)) 우대금리 : 0.5%p
4. 직전 1년간 당행 예적금(청약포함) 미보유 고객 : 0.2%p",개인,단리,자유적립식,1,2.15,3.85,1금융권
농협은행주식회사,NH올원e 미니적금,스마트폰,"만기후 1년 이내 : 만기시점 계약기간별 자유로우대적금 기본금리의 1/2
만기후 1년 초과 : 보통예금 금리","1. 자동이체 입금횟수 우대금리 : 최고 0.5%p
 - 5회이상 : 0.2%p, 10회이상 : 0.3%p, 15회이상 0.5%p
2. 목표금액 달성 축하금리  : 0.5%p
3. MZ세대(만 19~34세)) 우대금리 : 0.5%p
4. 직전 1년간 당행 예적금(청약포함) 미보유 고객 : 0.2%p",개인,단리,자유적립식,3,2.25,3.95,1금융권
농협은행주식회사,NH올원e 미니적금,스마트폰,"만기후 1년 이내 : 만기시점 계약기간별 자유로우대적금 기본금리의 1/2
만기후 1년 초과 : 보통예금 금리","1. 자동이체 입금횟수 우대금리 : 최고 0.5%p
 - 5회이상 : 0.2%p, 10회이상 : 0.3%p, 15회이상 0.5%p
2. 목표금액 달성 축하금리  : 0.5%p
3. MZ세대(만 19~34세)) 우대금리 : 0.5%p
4. 직전 1년간 당행 예적금(청약포함) 미보유 고객 : 0.2%p",개인,단리,자유적립식,6,2.45,4.15,1금융권
농협은행주식회사,NH직장인월복리적금,"영업점,인터넷,스마트폰","만기후 3개월 이내 : 만기시점 국고채 1년물 금리
만기후 1년 이내 : 만기시점 채움적금 계약기간별 고시금리의 50%
만기후 1년 초과 : 만기시점 보통예금 금리","1. 급여입금실적 보유 고객 중
 - 가입기간 중 3개월 이상 급여이체시 : 0.3%p
 - 주택청약종합저축 또는 펀드가입 : 0.2%p
 - NH채움카드 결제실적 1백만원 이상 : 0.2%p
2. 인터넷(스마트)뱅킹 또는 올원뱅크로 가입 : 0.1%p",만18세이상 개인,복리,자유적립식,12,2.65,3.45,1금융권
농협은행주식회사,NH직장인월복리적금,"영업점,인터넷,스마트폰","만기후 3개월 이내 : 만기시점 국고채 1년물 금리
만기후 1년 이내 : 만기시점 채움적금 계약기간별 고시금리의 50%
만기후 1년 초과 : 만기시점 보통예금 금리","1. 급여입금실적 보유 고객 중
 - 가입기간 중 3개월 이상 급여이체시 : 0.3%p
 - 주택청약종합저축 또는 펀드가입 : 0.2%p
 - NH채움카드 결제실적 1백만원 이상 : 0.2%p
2. 인터넷(스마트)뱅킹 또는 올원뱅크로 가입 : 0.1%p",만18세이상 개인,복리,자유적립식,24,2.5,3.3,1금융권
농협은행주식회사,NH직장인월복리적금,"영업점,인터넷,스마트폰","만기후 3개월 이내 : 만기시점 국고채 1년물 금리
만기후 1년 이내 : 만기시점 채움적금 계약기간별 고시금리의 50%
만기후 1년 초과 : 만기시점 보통예금 금리","1. 급여입금실적 보유 고객 중
 - 가입기간 중 3개월 이상 급여이체시 : 0.3%p
 - 주택청약종합저축 또는 펀드가입 : 0.2%p
 - NH채움카드 결제실적 1백만원 이상 : 0.2%p
2. 인터넷(스마트)뱅킹 또는 올원뱅크로 가입 : 0.1%p",만18세이상 개인,복리,자유적립식,36,2.5,3.3,1금융권
부산은행,"BNK내맘대로 
적금","영업점,인터넷,스마트폰","- 만기후 1년이내:가입기간별 일반정기적금 기본이율 x 50%
- 만기후 1년초과:가입기간별 일반정기적금 기본이율 x 20%","*우대이율 최대 0.2%
- 신규시 우대이율 0.05% 및 해지시 우대이율 최대 0.15%",제한없음,단리,자유적립식,6,2.4,2.6,1금융권
부산은행,"BNK내맘대로 
적금","영업점,인터넷,스마트폰","- 만기후 1년이내:가입기간별 일반정기적금 기본이율 x 50%
- 만기후 1년초과:가입기간별 일반정기적금 기본이율 x 20%","*우대이율 최대 0.2%
- 신규시 우대이율 0.05% 및 해지시 우대이율 최대 0.15%",제한없음,단리,자유적립식,12,2.45,2.65,1금융권
부산은행,"BNK내맘대로 
적금","영업점,인터넷,스마트폰","- 만기후 1년이내:가입기간별 일반정기적금 기본이율 x 50%
- 만기후 1년초과:가입기간별 일반정기적금 기본이율 x 20%","*우대이율 최대 0.2%
- 신규시 우대이율 0.05% 및 해지시 우대이율 최대 0.15%",제한없음,단리,자유적립식,24,1.95,2.15,1금융권
부산은행,"BNK내맘대로 
적금","영업점,인터넷,스마트폰","- 만기후 1년이내:가입기간별 일반정기적금 기본이율 x 50%
- 만기후 1년초과:가입기간별 일반정기적금 기본이율 x 20%","*우대이율 최대 0.2%
- 신규시 우대이율 0.05% 및 해지시 우대이율 최대 0.15%",제한없음,단리,자유적립식,36,1.95,2.15,1금융권
부산은행,"부산이라 좋다
Big적금",스마트폰,"- 만기후 1년이내:가입기간별 일반정기적금 기본이율 x 50%
- 만기후 1년초과:가입기간별 일반정기적금 기본이율 x 20%","*우대이율 6개월 미만 최대2.00%, 6개월 이상 2.20%",실명의 개인고객(1인 1계좌),단리,자유적립식,1,2.5,4.5,1금융권
부산은행,"부산이라 좋다
Big적금",스마트폰,"- 만기후 1년이내:가입기간별 일반정기적금 기본이율 x 50%
- 만기후 1년초과:가입기간별 일반정기적금 기본이율 x 20%","*우대이율 6개월 미만 최대2.00%, 6개월 이상 2.20%",실명의 개인고객(1인 1계좌),단리,자유적립식,3,2.5,4.5,1금융권
부산은행,"부산이라 좋다
Big적금",스마트폰,"- 만기후 1년이내:가입기간별 일반정기적금 기본이율 x 50%
- 만기후 1년초과:가입기간별 일반정기적금 기본이율 x 20%","*우대이율 6개월 미만 최대2.00%, 6개월 이상 2.20%",실명의 개인고객(1인 1계좌),단리,자유적립식,6,2.5,4.7,1금융권
부산은행,"부산이라 좋다
Big적금",스마트폰,"- 만기후 1년이내:가입기간별 일반정기적금 기본이율 x 50%
- 만기후 1년초과:가입기간별 일반정기적금 기본이율 x 20%","*우대이율 6개월 미만 최대2.00%, 6개월 이상 2.20%",실명의 개인고객(1인 1계좌),단리,자유적립식,12,2.5,4.7,1금융권
부산은행,"저탄소 실천
적금","영업점,인터넷,스마트폰","- 만기후 1년이내:가입기간별 일반정기적금 기본이율 x 50%
- 만기후 1년초과:가입기간별 일반정기적금 기본이율 x 20%","조건 달성여부에 따라 우대금리 적용
*개인형 우대이율: 최대0.5%
*기업형(개인사업자 및 법인)우대이율: 최대0.4%",제한없음,단리,자유적립식,6,2.35,2.85,1금융권
부산은행,"저탄소 실천
적금","영업점,인터넷,스마트폰","- 만기후 1년이내:가입기간별 일반정기적금 기본이율 x 50%
- 만기후 1년초과:가입기간별 일반정기적금 기본이율 x 20%","조건 달성여부에 따라 우대금리 적용
*개인형 우대이율: 최대0.5%
*기업형(개인사업자 및 법인)우대이율: 최대0.4%",제한없음,단리,자유적립식,12,2.4,2.9,1금융권
부산은행,"저탄소 실천
적금","영업점,인터넷,스마트폰","- 만기후 1년이내:가입기간별 일반정기적금 기본이율 x 50%
- 만기후 1년초과:가입기간별 일반정기적금 기본이율 x 20%","조건 달성여부에 따라 우대금리 적용
*개인형 우대이율: 최대0.5%
*기업형(개인사업자 및 법인)우대이율: 최대0.4%",제한없음,단리,자유적립식,24,2.0,2.5,1금융권
부산은행,"저탄소 실천
적금","영업점,인터넷,스마트폰","- 만기후 1년이내:가입기간별 일반정기적금 기본이율 x 50%
- 만기후 1년초과:가입기간별 일반정기적금 기본이율 x 20%","조건 달성여부에 따라 우대금리 적용
*개인형 우대이율: 최대0.5%
*기업형(개인사업자 및 법인)우대이율: 최대0.4%",제한없음,단리,자유적립식,36,2.0,2.5,1금융권
부산은행,펫 적금,"영업점,스마트폰","- 만기후 1년이내:가입기간별 일반정기적금 기본이율 x 50%
- 만기후 1년초과:가입기간별 일반정기적금 기본이율 x 20%","*우대이율 6개월제 최대 0.55%, 12개월제 최대 0.90%",실명의 개인고객(1인 1계좌),단리,정액적립식,6,2.25,2.8,1금융권
부산은행,펫 적금,"영업점,스마트폰","- 만기후 1년이내:가입기간별 일반정기적금 기본이율 x 50%
- 만기후 1년초과:가입기간별 일반정기적금 기본이율 x 20%","*우대이율 6개월제 최대 0.55%, 12개월제 최대 0.90%",실명의 개인고객(1인 1계좌),단리,정액적립식,12,2.3,3.2,1금융권
수협은행,Sh월복리자유적금,"영업점,인터넷,스마트폰","* 만기후 1년 이내
 - 만기당시 상호부금
계약기간별 기본금리 1/2
* 만기후 1년 초과
 - 만기당시 보통예금 기본금리","*최대우대금리:0.7%
-첫거래고객:0.3%
-카드거래:최대0.3%
-복수거래:0.1%
-요구불거래:최대0.2%
-인터넷뱅킹고객:0.1%
-자동이체실적:0.1%
※단위:연%p",실명의 개인 및 개인사업자,복리,자유적립식,12,2.2,2.9,1금융권
수협은행,Sh월복리자유적금,"영업점,인터넷,스마트폰","* 만기후 1년 이내
 - 만기당시 상호부금
계약기간별 기본금리 1/2
* 만기후 1년 초과
 - 만기당시 보통예금 기본금리","*최대우대금리:0.7%
-첫거래고객:0.3%
-카드거래:최대0.3%
-복수거래:0.1%
-요구불거래:최대0.2%
-인터넷뱅킹고객:0.1%
-자동이체실적:0.1%
※단위:연%p",실명의 개인 및 개인사업자,복리,자유적립식,24,1.8,2.5,1금융권
수협은행,Sh월복리자유적금,"영업점,인터넷,스마트폰","* 만기후 1년 이내
 - 만기당시 상호부금
계약기간별 기본금리 1/2
* 만기후 1년 초과
 - 만기당시 보통예금 기본금리","*최대우대금리:0.7%
-첫거래고객:0.3%
-카드거래:최대0.3%
-복수거래:0.1%
-요구불거래:최대0.2%
-인터넷뱅킹고객:0.1%
-자동이체실적:0.1%
※단위:연%p",실명의 개인 및 개인사업자,복리,자유적립식,36,1.9,2.6,1금융권
수협은행,"Sh해양플라스틱Zero!적금
(자유적립식)","영업점,인터넷,스마트폰","* 만기후 1년 이내
 - 만기당시 상호부금 
계약기간별 기본금리 1/2
* 만기후 1년 초과
 - 만기당시 보통예금 기본금리","* 최대우대금리:0.5%
1. 해양플라스틱감축서약 : 0.1% (신규시) 
2. 봉사활동 또는 상품홍보 : 0.2% (만기시) 
3. 입출금통장 최초신규 : 0.2% (만기시)
4. 자동이체 출금실적 : 0.2% (만기시)
 - 수협신용카드 / 당행 펀드 / 수협체크카드
※단위:연%p",실명의 개인,단리,자유적립식,12,3.15,3.65,1금융권
수협은행,"Sh해양플라스틱Zero!적금
(자유적립식)","영업점,인터넷,스마트폰","* 만기후 1년 이내
 - 만기당시 상호부금 
계약기간별 기본금리 1/2
* 만기후 1년 초과
 - 만기당시 보통예금 기본금리","* 최대우대금리:0.5%
1. 해양플라스틱감축서약 : 0.1% (신규시) 
2. 봉사활동 또는 상품홍보 : 0.2% (만기시) 
3. 입출금통장 최초신규 : 0.2% (만기시)
4. 자동이체 출금실적 : 0.2% (만기시)
 - 수협신용카드 / 당행 펀드 / 수협체크카드
※단위:연%p",실명의 개인,단리,자유적립식,24,2.35,2.85,1금융권
수협은행,"Sh해양플라스틱Zero!적금
(자유적립식)","영업점,인터넷,스마트폰","* 만기후 1년 이내
 - 만기당시 상호부금 
계약기간별 기본금리 1/2
* 만기후 1년 초과
 - 만기당시 보통예금 기본금리","* 최대우대금리:0.5%
1. 해양플라스틱감축서약 : 0.1% (신규시) 
2. 봉사활동 또는 상품홍보 : 0.2% (만기시) 
3. 입출금통장 최초신규 : 0.2% (만기시)
4. 자동이체 출금실적 : 0.2% (만기시)
 - 수협신용카드 / 당행 펀드 / 수협체크카드
※단위:연%p",실명의 개인,단리,자유적립식,36,2.35,2.85,1금융권
수협은행,"Sh해양플라스틱Zero!적금
(정액적립식)","영업점,인터넷,스마트폰","* 만기후 1년 이내
 - 만기당시 일반정기적금 
계약기간별 기본금리 1/2
* 만기후 1년 초과
 - 만기당시 보통예금 기본금리","* 최대우대금리:0.5%
1. 해양플라스틱감축서약 : 0.1% (신규시) 
2. 봉사활동 또는 상품홍보 : 0.2% (만기시) 
3. 입출금통장 최초신규 : 0.2% (만기시)
4. 자동이체 출금실적 : 0.2% (만기시)
 - 수협신용카드 / 당행 펀드 / 수협체크카드
※단위:연%p",실명의 개인,단리,정액적립식,12,3.5,4.0,1금융권
수협은행,"Sh해양플라스틱Zero!적금
(정액적립식)","영업점,인터넷,스마트폰","* 만기후 1년 이내
 - 만기당시 일반정기적금 
계약기간별 기본금리 1/2
* 만기후 1년 초과
 - 만기당시 보통예금 기본금리","* 최대우대금리:0.5%
1. 해양플라스틱감축서약 : 0.1% (신규시) 
2. 봉사활동 또는 상품홍보 : 0.2% (만기시) 
3. 입출금통장 최초신규 : 0.2% (만기시)
4. 자동이체 출금실적 : 0.2% (만기시)
 - 수협신용카드 / 당행 펀드 / 수협체크카드
※단위:연%p",실명의 개인,단리,정액적립식,24,3.0,3.5,1금융권
수협은행,"Sh해양플라스틱Zero!적금
(정액적립식)","영업점,인터넷,스마트폰","* 만기후 1년 이내
 - 만기당시 일반정기적금 
계약기간별 기본금리 1/2
* 만기후 1년 초과
 - 만기당시 보통예금 기본금리","* 최대우대금리:0.5%
1. 해양플라스틱감축서약 : 0.1% (신규시) 
2. 봉사활동 또는 상품홍보 : 0.2% (만기시) 
3. 입출금통장 최초신규 : 0.2% (만기시)
4. 자동이체 출금실적 : 0.2% (만기시)
 - 수협신용카드 / 당행 펀드 / 수협체크카드
※단위:연%p",실명의 개인,단리,정액적립식,36,3.3,3.8,1금융권
신한은행,신한 알.쏠 적금,"영업점,스마트폰","-1개월 이하:(일반) 정기적금 기본금리 1/2
(단, 최저금리 0.10%)
-1개월 초과~6개월 이하: (일반) 정기적금 기본금리의 1/4
(단, 최저금리 0.10%)
-6개월 초과 0.10%","※가산금리 최고 연 1.30%
- 소득이체 : 연 0.6%
- 카드이용 : 연 0.3%
- 오픈뱅킹 : 연 0.6%
- 청약보유 : 연 0.3%
- 마케팅동의 : 연 0.1%
※ 우대금리 항목별 자세한 적용 조건은 상품설명서 참조",제한없음,단리,자유적립식,12,2.65,3.95,1금융권
신한은행,신한 알.쏠 적금,"영업점,스마트폰","-1개월 이하:(일반) 정기적금 기본금리 1/2
(단, 최저금리 0.10%)
-1개월 초과~6개월 이하: (일반) 정기적금 기본금리의 1/4
(단, 최저금리 0.10%)
-6개월 초과 0.10%","※가산금리 최고 연 1.30%
- 소득이체 : 연 0.6%
- 카드이용 : 연 0.3%
- 오픈뱅킹 : 연 0.6%
- 청약보유 : 연 0.3%
- 마케팅동의 : 연 0.1%
※ 우대금리 항목별 자세한 적용 조건은 상품설명서 참조",제한없음,단리,자유적립식,24,2.65,3.95,1금융권
신한은행,신한 알.쏠 적금,"영업점,스마트폰","-1개월 이하:(일반) 정기적금 기본금리 1/2
(단, 최저금리 0.10%)
-1개월 초과~6개월 이하: (일반) 정기적금 기본금리의 1/4
(단, 최저금리 0.10%)
-6개월 초과 0.10%","※가산금리 최고 연 1.30%
- 소득이체 : 연 0.6%
- 카드이용 : 연 0.3%
- 오픈뱅킹 : 연 0.6%
- 청약보유 : 연 0.3%
- 마케팅동의 : 연 0.1%
※ 우대금리 항목별 자세한 적용 조건은 상품설명서 참조",제한없음,단리,자유적립식,36,2.65,3.95,1금융권
아이엠뱅크,iM스마트적금,"인터넷,스마트폰","만기 후 1개월 미만 경과: 약정이자율 x 50%
만기 후 3개월 미만 경과: 약정이자율 x 25%
만기 후 3개월 이상 경과: 약정이자율 x 10%","* 최고우대금리 : 연0.45%p
- 가입일로부터 3개월 이내 1가지 이상 요건 충족시 : 연0.20%p
① 당행 주택청약종합저축 보유
② 당행 신용(체크)카드 결제실적 보유(결제금액 출금기준)
- 전체 계약월수 중 1/2이상 당행 계좌에서 자동이체 납입 시 : 연0.20%p
* 해당 상품을 인터넷/모바일뱅킹을 통해 가입 : 연0.05%p",실명의 개인,단리,자유적립식,6,2.2,2.65,1금융권
아이엠뱅크,iM스마트적금,"인터넷,스마트폰","만기 후 1개월 미만 경과: 약정이자율 x 50%
만기 후 3개월 미만 경과: 약정이자율 x 25%
만기 후 3개월 이상 경과: 약정이자율 x 10%","* 최고우대금리 : 연0.45%p
- 가입일로부터 3개월 이내 1가지 이상 요건 충족시 : 연0.20%p
① 당행 주택청약종합저축 보유
② 당행 신용(체크)카드 결제실적 보유(결제금액 출금기준)
- 전체 계약월수 중 1/2이상 당행 계좌에서 자동이체 납입 시 : 연0.20%p
* 해당 상품을 인터넷/모바일뱅킹을 통해 가입 : 연0.05%p",실명의 개인,단리,자유적립식,12,2.75,3.2,1금융권
아이엠뱅크,iM스마트적금,"인터넷,스마트폰","만기 후 1개월 미만 경과: 약정이자율 x 50%
만기 후 3개월 미만 경과: 약정이자율 x 25%
만기 후 3개월 이상 경과: 약정이자율 x 10%","* 최고우대금리 : 연0.45%p
- 가입일로부터 3개월 이내 1가지 이상 요건 충족시 : 연0.20%p
① 당행 주택청약종합저축 보유
② 당행 신용(체크)카드 결제실적 보유(결제금액 출금기준)
- 전체 계약월수 중 1/2이상 당행 계좌에서 자동이체 납입 시 : 연0.20%p
* 해당 상품을 인터넷/모바일뱅킹을 통해 가입 : 연0.05%p",실명의 개인,단리,자유적립식,24,2.65,3.1,1금융권
아이엠뱅크,iM스마트적금,"인터넷,스마트폰","만기 후 1개월 미만 경과: 약정이자율 x 50%
만기 후 3개월 미만 경과: 약정이자율 x 25%
만기 후 3개월 이상 경과: 약정이자율 x 10%","* 최고우대금리 : 연0.45%p
- 가입일로부터 3개월 이내 1가지 이상 요건 충족시 : 연0.20%p
① 당행 주택청약종합저축 보유
② 당행 신용(체크)카드 결제실적 보유(결제금액 출금기준)
- 전체 계약월수 중 1/2이상 당행 계좌에서 자동이체 납입 시 : 연0.20%p
* 해당 상품을 인터넷/모바일뱅킹을 통해 가입 : 연0.05%p",실명의 개인,단리,자유적립식,36,2.7,3.15,1금융권
아이엠뱅크,내가만든 보너스적금,"영업점,인터넷,스마트폰","만기 후 1개월 미만 경과: 약정이자율 x 50%
만기 후 3개월 미만 경과: 약정이자율 x 25%
만기 후 3개월 이상 경과: 약정이자율 x 10%","* 최고우대금리:연0.80%p
 - 인터넷/모바일뱅킹으로 신규: 연0.20%p
 - 상품 가입 전 마케팅활용[개인(신용)정보수집이용동의] 전체 동의 :연0.20%p
(계약기간1년인 경우 만기일 기준)- 당행 계좌로 자동이체 8회 이상 입금 : 연0.20%p
 - 원금합계 100만원 이상:연0.10%p 또는 원금합계200만원 이상:연0.20%p",실명의 개인,단리,자유적립식,6,2.5,3.3,1금융권
아이엠뱅크,내가만든 보너스적금,"영업점,인터넷,스마트폰","만기 후 1개월 미만 경과: 약정이자율 x 50%
만기 후 3개월 미만 경과: 약정이자율 x 25%
만기 후 3개월 이상 경과: 약정이자율 x 10%","* 최고우대금리:연0.80%p
 - 인터넷/모바일뱅킹으로 신규: 연0.20%p
 - 상품 가입 전 마케팅활용[개인(신용)정보수집이용동의] 전체 동의 :연0.20%p
(계약기간1년인 경우 만기일 기준)- 당행 계좌로 자동이체 8회 이상 입금 : 연0.20%p
 - 원금합계 100만원 이상:연0.10%p 또는 원금합계200만원 이상:연0.20%p",실명의 개인,단리,자유적립식,12,3.1,3.9,1금융권
아이엠뱅크,내손안에 적금,스마트폰,"만기 후 1개월 미만 경과: 약정이자율 x 50%
만기 후 3개월 미만 경과: 약정이자율 x 25%
만기 후 3개월 이상 경과: 약정이자율 x 10%","* 최고우대금리 : 연0.55%p
 - 당행 인터넷/모바일뱅킹을 통하여 최초로 적립식예금 가입 시 : 연0.20%p
 - 상품 가입 전 최근 3개월 이내 당행 인터넷/모바일뱅킹을 통한 이체거래 3회 이상 : 연0.10%p
- 상품 가입 전 수수료우대 통장 보유 고객 : 연0.20%p
* 해당 상품을 모바일뱅킹을 통해 가입 : 연0.05%p",실명의 개인,단리,정액적립식,12,2.76,3.31,1금융권
아이엠뱅크,내손안에 적금,스마트폰,"만기 후 1개월 미만 경과: 약정이자율 x 50%
만기 후 3개월 미만 경과: 약정이자율 x 25%
만기 후 3개월 이상 경과: 약정이자율 x 10%","* 최고우대금리 : 연0.55%p
 - 당행 인터넷/모바일뱅킹을 통하여 최초로 적립식예금 가입 시 : 연0.20%p
 - 상품 가입 전 최근 3개월 이내 당행 인터넷/모바일뱅킹을 통한 이체거래 3회 이상 : 연0.10%p
- 상품 가입 전 수수료우대 통장 보유 고객 : 연0.20%p
* 해당 상품을 모바일뱅킹을 통해 가입 : 연0.05%p",실명의 개인,단리,정액적립식,24,2.63,3.18,1금융권
아이엠뱅크,내손안에 적금,스마트폰,"만기 후 1개월 미만 경과: 약정이자율 x 50%
만기 후 3개월 미만 경과: 약정이자율 x 25%
만기 후 3개월 이상 경과: 약정이자율 x 10%","* 최고우대금리 : 연0.55%p
 - 당행 인터넷/모바일뱅킹을 통하여 최초로 적립식예금 가입 시 : 연0.20%p
 - 상품 가입 전 최근 3개월 이내 당행 인터넷/모바일뱅킹을 통한 이체거래 3회 이상 : 연0.10%p
- 상품 가입 전 수수료우대 통장 보유 고객 : 연0.20%p
* 해당 상품을 모바일뱅킹을 통해 가입 : 연0.05%p",실명의 개인,단리,정액적립식,36,2.65,3.2,1금융권
아이엠뱅크,영플러스적금,"영업점,인터넷,스마트폰","만기 후 1개월 미만 경과: 약정이자율 x 50%
만기 후 3개월 미만 경과: 약정이자율 x 25%
만기 후 3개월 이상 경과: 약정이자율 x 10%","* 최고우대금리 : 연0.55%p
- 상품 가입 전 영플러스통장 보유 또는 재예치일 기준 영플러스통장 전월 평잔 10만원 이상 : 연0.10%p
- 예금기간 중 입금횟수 10회 이상 : 연0.10%p
- 입학 및 졸업 축하금리 : 연0.30%p
* 해당 상품을 인터넷/모바일뱅킹을 통해 가입 : 연0.05%p",만 29세 이하 실명의 개인,단리,자유적립식,12,2.96,3.51,1금융권
우리은행,WON적금,"스마트폰,전화(텔레뱅킹)","만기 후
- 1개월이내 : 만기시점약정이율×50%
- 1개월초과 6개월이내: 만기시점약정이율×30%
- 6개월초과 : 만기시점약정이율×20%

※ 만기시점 약정이율 : 일반정기적금 금리","1. 아래 각 항(가, 나)의 조건을 충족하는 경우 합산 최대 연 0.2%p 우대
가. 이 적금을 우리꿈통장, WON통장에 연결하여 가입하는 경우 : 0.1%p
나. 우리 오픈뱅킹 서비스에 타행계좌가 등록되어 있는 경우 : 연 0.1%p",실명의 개인,단리,정액적립식,12,3.15,3.35,1금융권
우리은행,우리SUPER주거래적금,"영업점,인터넷,스마트폰,전화(텔레뱅킹)","만기 후
- 1개월이내 : 만기시점약정이율×50%
- 1개월초과 6개월이내: 만기시점약정이율×30%
- 6개월초과 : 만기시점약정이율×20%

※ 만기시점 약정이율 : 일반정기적금 금리","1.인정기간 동안 우리은행 입출식계좌에서 아래 각 항목별실적이있는 월 수가 계약기간의 1/2이상인 경우
가. 급여/연금이체0.7%p
나. 공과금 자동이체 출금 :0.3%p
다. 결제금액 10만원 이상 출금:연0.3%p
2. 우리은행 상품서비스 마케팅 동의 항목 중 전화 및 SMS항목을 모두 동의한후 만기해지시점까지 유지:연0.1%p
3.금리우대쿠폰을 적용",실명의 개인,단리,정액적립식,12,2.35,3.75,1금융권
우리은행,우리SUPER주거래적금,"영업점,인터넷,스마트폰,전화(텔레뱅킹)","만기 후
- 1개월이내 : 만기시점약정이율×50%
- 1개월초과 6개월이내: 만기시점약정이율×30%
- 6개월초과 : 만기시점약정이율×20%

※ 만기시점 약정이율 : 일반정기적금 금리","1.인정기간 동안 우리은행 입출식계좌에서 아래 각 항목별실적이있는 월 수가 계약기간의 1/2이상인 경우
가. 급여/연금이체0.7%p
나. 공과금 자동이체 출금 :0.3%p
다. 결제금액 10만원 이상 출금:연0.3%p
2. 우리은행 상품서비스 마케팅 동의 항목 중 전화 및 SMS항목을 모두 동의한후 만기해지시점까지 유지:연0.1%p
3.금리우대쿠폰을 적용",실명의 개인,단리,정액적립식,24,2.35,3.75,1금융권
우리은행,우리SUPER주거래적금,"영업점,인터넷,스마트폰,전화(텔레뱅킹)","만기 후
- 1개월이내 : 만기시점약정이율×50%
- 1개월초과 6개월이내: 만기시점약정이율×30%
- 6개월초과 : 만기시점약정이율×20%

※ 만기시점 약정이율 : 일반정기적금 금리","1.인정기간 동안 우리은행 입출식계좌에서 아래 각 항목별실적이있는 월 수가 계약기간의 1/2이상인 경우
가. 급여/연금이체0.7%p
나. 공과금 자동이체 출금 :0.3%p
다. 결제금액 10만원 이상 출금:연0.3%p
2. 우리은행 상품서비스 마케팅 동의 항목 중 전화 및 SMS항목을 모두 동의한후 만기해지시점까지 유지:연0.1%p
3.금리우대쿠폰을 적용",실명의 개인,단리,정액적립식,36,2.35,3.75,1금융권
전북은행,JB 다이렉트적금(자유적립식),"인터넷,스마트폰","√만기후 1개월이내 경과분 : 만기일 현재 계약기간별 정기적금(자유적립식) 실행이율의 1/2
√만기후 1개월초과 경과분 : 연 0.1%","추가우대금리 :
당행 계좌간 자동이체를 통해 이 예금으로 자동이체 된 금액에 0.1% 금리 우대",실명의 개인 및 개인사업자(임의단체 제외),단리,자유적립식,12,3.0,3.1,1금융권
전북은행,JB 다이렉트적금(자유적립식),"인터넷,스마트폰","√만기후 1개월이내 경과분 : 만기일 현재 계약기간별 정기적금(자유적립식) 실행이율의 1/2
√만기후 1개월초과 경과분 : 연 0.1%","추가우대금리 :
당행 계좌간 자동이체를 통해 이 예금으로 자동이체 된 금액에 0.1% 금리 우대",실명의 개인 및 개인사업자(임의단체 제외),단리,자유적립식,24,2.75,2.85,1금융권
전북은행,JB 다이렉트적금(자유적립식),"인터넷,스마트폰","√만기후 1개월이내 경과분 : 만기일 현재 계약기간별 정기적금(자유적립식) 실행이율의 1/2
√만기후 1개월초과 경과분 : 연 0.1%","추가우대금리 :
당행 계좌간 자동이체를 통해 이 예금으로 자동이체 된 금액에 0.1% 금리 우대",실명의 개인 및 개인사업자(임의단체 제외),단리,자유적립식,36,2.65,2.75,1금융권
전북은행,JB 다이렉트적금(정액적립식),"인터넷,스마트폰","√만기후 1개월이내 경과분 : 만기일 현재 계약기간별 정기적금(정액적립식) 실행이율의 1/2
√만기후 1개월초과 경과분 : 연 0.1%","추가우대금리 :
당행 계좌간 자동이체를 통해 6회이상 입금한 경우 
연 0.1% 금리우대",실명의 개인 및 개인사업자(임의단체 제외),단리,정액적립식,12,3.1,3.2,1금융권
전북은행,JB 다이렉트적금(정액적립식),"인터넷,스마트폰","√만기후 1개월이내 경과분 : 만기일 현재 계약기간별 정기적금(정액적립식) 실행이율의 1/2
√만기후 1개월초과 경과분 : 연 0.1%","추가우대금리 :
당행 계좌간 자동이체를 통해 6회이상 입금한 경우 
연 0.1% 금리우대",실명의 개인 및 개인사업자(임의단체 제외),단리,정액적립식,24,2.85,2.95,1금융권
전북은행,JB 다이렉트적금(정액적립식),"인터넷,스마트폰","√만기후 1개월이내 경과분 : 만기일 현재 계약기간별 정기적금(정액적립식) 실행이율의 1/2
√만기후 1개월초과 경과분 : 연 0.1%","추가우대금리 :
당행 계좌간 자동이체를 통해 6회이상 입금한 경우 
연 0.1% 금리우대",실명의 개인 및 개인사업자(임의단체 제외),단리,정액적립식,36,2.75,2.85,1금융권
제주은행,MZ 플랜적금,"영업점,인터넷,스마트폰","- 만기후 1개월 이내 : (일반)정기적금 기본이자율의 50%
(단, 최저금리 0.1%)
- 만기후 1개월 초과 3개월 이내 : (일반)정기적금 기본이자율의 25%
(단, 최저금리 0.1%)
- 만기후 3개월 초과 : 0.1%","①매월 1회이상 지속적 납입시:1년제: 0.50%
② 목표 금액 달성:0.50%
③ 신용카드,체크카드 합산 사용액 월10만원 이상 사용: 0.50%
* 청년이니까응원합니다 이벤트 : 0.50%",개인 및 개인사업자,단리,자유적립식,12,3.2,5.2,1금융권
제주은행,MZ 플랜적금,"영업점,인터넷,스마트폰","- 만기후 1개월 이내 : (일반)정기적금 기본이자율의 50%
(단, 최저금리 0.1%)
- 만기후 1개월 초과 3개월 이내 : (일반)정기적금 기본이자율의 25%
(단, 최저금리 0.1%)
- 만기후 3개월 초과 : 0.1%","①매월 1회이상 지속적 납입시:1년제: 0.50%
② 목표 금액 달성:0.50%
③ 신용카드,체크카드 합산 사용액 월10만원 이상 사용: 0.50%
* 청년이니까응원합니다 이벤트 : 0.50%",개인 및 개인사업자,단리,자유적립식,24,3.4,5.4,1금융권
제주은행,jbank 저금통적금,"인터넷,스마트폰","- 만기후 1개월 이내 : (일반)정기적금 기본이자율의 50%
(단, 최저금리 0.1%)
- 만기후 1개월 초과 3개월 이내 : (일반)정기적금 기본이자율의 25%
(단, 최저금리 0.1%)
- 만기후 3개월 초과 : 0.1%","* 거래조건에 따라 최고 2.1%p 우대금리 적용
① 자투리 출금계좌 평잔 50만원 이상 유지 : 0.8%p
② 첫거래고객 or JBANK저금통적금 1개월 내 재신규 : 0.5%p
③ 신규가입 시점에서 적금 목표금액 최소 30만원 이상 설정하고, 적금 신규일로부터 3개월 내 잔액이 목표금액 이상인 경우 :0.5%p
④ 추천인 우대금리 : 0.30%p",개인 및 개인사업자,단리,자유적립식,6,2.55,4.65,1금융권
제주은행,jbank 저금통적금,"인터넷,스마트폰","- 만기후 1개월 이내 : (일반)정기적금 기본이자율의 50%
(단, 최저금리 0.1%)
- 만기후 1개월 초과 3개월 이내 : (일반)정기적금 기본이자율의 25%
(단, 최저금리 0.1%)
- 만기후 3개월 초과 : 0.1%","* 거래조건에 따라 최고 2.1%p 우대금리 적용
① 자투리 출금계좌 평잔 50만원 이상 유지 : 0.8%p
② 첫거래고객 or JBANK저금통적금 1개월 내 재신규 : 0.5%p
③ 신규가입 시점에서 적금 목표금액 최소 30만원 이상 설정하고, 적금 신규일로부터 3개월 내 잔액이 목표금액 이상인 경우 :0.5%p
④ 추천인 우대금리 : 0.30%p",개인 및 개인사업자,단리,자유적립식,12,2.85,4.85,1금융권
제주은행,탐이나요적금,"인터넷,스마트폰","- 만기후 1개월 이내 : (일반)정기적금 기본이자율의 50%
(단, 최저금리 0.1%)
- 만기후 1개월 초과 3개월 이내 : (일반)정기적금 기본이자율의 25%
(단, 최저금리 0.1%)
- 만기후 3개월 초과 : 0.1%","우대요건 충족시 최고 2.7%p 추가 우대(만기시 제공)매월 JBANK로그인 시 0.2%,한 가지라도 수행시 2.5% 제공①추천인 코드로 3명 이상 가입시 ②탐나는전 체크카드 월30만원 이상 사용 유지 ③탐나는전 선불카드 충전계좌를 당행 입출금계좌로 등록 후 평잔 50만원 이상 유지 시",개인 및 개인사업자,단리,자유적립식,6,1.7,4.4,1금융권
제주은행,탐이나요적금,"인터넷,스마트폰","- 만기후 1개월 이내 : (일반)정기적금 기본이자율의 50%
(단, 최저금리 0.1%)
- 만기후 1개월 초과 3개월 이내 : (일반)정기적금 기본이자율의 25%
(단, 최저금리 0.1%)
- 만기후 3개월 초과 : 0.1%","우대요건 충족시 최고 2.7%p 추가 우대(만기시 제공)매월 JBANK로그인 시 0.2%,한 가지라도 수행시 2.5% 제공①추천인 코드로 3명 이상 가입시 ②탐나는전 체크카드 월30만원 이상 사용 유지 ③탐나는전 선불카드 충전계좌를 당행 입출금계좌로 등록 후 평잔 50만원 이상 유지 시",개인 및 개인사업자,단리,자유적립식,12,1.9,4.6,1금융권
주식회사 카카오뱅크,카카오뱅크 26주적금,스마트폰,"- 만기 후 1개월 이내 : 가입시점 기본금리x50%
- 만기 후 1개월초과 3개월 이내 : 가입시점 기본금리x30%
- 만기 후 3개월 초과 : 0.20%","자동이체 연속 성공 우대금리 제공 : 최고 연 3.00%p
- 제공조건
① 7주차까지 자동이체 납입을 연속 성공하고 만기해지 하는 경우 연 1.00%p 제공
② 26주차까지 자동이체 납입을 연속 성공하고 만기해지 하는 경우 연 2.00%p 추가 제공
- 유의사항 : 자동이체 실패한 주차를 빈자리채우기 하여도 성공으로 인정되지 않음",만 14세 이상의 실명의 개인,단리,자유적립식,6,2.5,5.5,1금융권
주식회사 카카오뱅크,카카오뱅크 자유적금,스마트폰,"- 만기 후 1개월 이내 : 가입(또는 자동연장)시점 기본금리x50%
- 만기 후 1개월초과 3개월 이내 : 가입(또는 자동연장)시점 기본금리x30%
- 만기 후 3개월 초과 : 0.20%","자동이체시 우대금리 제공 : 연 0.20%p
 - 제공조건 : 전체 계약월수의 1/2이상을 자동이체로 납입하고 만기 해지하는 경우
 - 유의사항 : 만기 자동연장된 원리금은 우대금리를 제공하지 않음",만 14세 이상의 실명의 개인,단리,자유적립식,6,2.85,3.05,1금융권
주식회사 카카오뱅크,카카오뱅크 자유적금,스마트폰,"- 만기 후 1개월 이내 : 가입(또는 자동연장)시점 기본금리x50%
- 만기 후 1개월초과 3개월 이내 : 가입(또는 자동연장)시점 기본금리x30%
- 만기 후 3개월 초과 : 0.20%","자동이체시 우대금리 제공 : 연 0.20%p
 - 제공조건 : 전체 계약월수의 1/2이상을 자동이체로 납입하고 만기 해지하는 경우
 - 유의사항 : 만기 자동연장된 원리금은 우대금리를 제공하지 않음",만 14세 이상의 실명의 개인,단리,자유적립식,12,3.0,3.2,1금융권
주식회사 카카오뱅크,카카오뱅크 자유적금,스마트폰,"- 만기 후 1개월 이내 : 가입(또는 자동연장)시점 기본금리x50%
- 만기 후 1개월초과 3개월 이내 : 가입(또는 자동연장)시점 기본금리x30%
- 만기 후 3개월 초과 : 0.20%","자동이체시 우대금리 제공 : 연 0.20%p
 - 제공조건 : 전체 계약월수의 1/2이상을 자동이체로 납입하고 만기 해지하는 경우
 - 유의사항 : 만기 자동연장된 원리금은 우대금리를 제공하지 않음",만 14세 이상의 실명의 개인,단리,자유적립식,24,2.7,2.9,1금융권
주식회사 카카오뱅크,카카오뱅크 자유적금,스마트폰,"- 만기 후 1개월 이내 : 가입(또는 자동연장)시점 기본금리x50%
- 만기 후 1개월초과 3개월 이내 : 가입(또는 자동연장)시점 기본금리x30%
- 만기 후 3개월 초과 : 0.20%","자동이체시 우대금리 제공 : 연 0.20%p
 - 제공조건 : 전체 계약월수의 1/2이상을 자동이체로 납입하고 만기 해지하는 경우
 - 유의사항 : 만기 자동연장된 원리금은 우대금리를 제공하지 않음",만 14세 이상의 실명의 개인,단리,자유적립식,36,2.7,2.9,1금융권
주식회사 카카오뱅크,카카오뱅크 한달적금,스마트폰,"- 만기 후 1개월 이내 : 가입시점 기본금리x50%
- 만기 후 1개월초과 3개월 이내 : 가입시점 기본금리x30%
- 만기 후 3개월 초과 : 0.20%","매일/보너스 우대금리 제공 : 최고 연 5.50%p
- 제공조건
① 매일 우대금리 : 매 입금 시 마다 연 0.10%p 제공(최대 연 3.10%p)
② 보너스 우대금리 : 누적하여 5/10/15/20/25/31회 입금 시 해당 우대금리 제공(최대 연 2.40%p)
- 유의사항 : 만기 해지하는 경우에만 제공",만 14세 이상의 실명의 개인,단리,자유적립식,1,1.5,7.0,1금융권
주식회사 케이뱅크,궁금한 적금,스마트폰,"만기 후 
- 1개월 이내: 만기시점 기본금리 X 50% 
- 1개월 초과 ~ 6개월 이내: 만기시점 기본금리 X 30%
- 6개월 초과: 연 0.20%","입금할 때마다 우대금리를 랜덤으로 제공하며, 입금 시 제공되는 우대금리를 누적으로 합산하여 만기 해지 시 적용 (최고 연 6.0%)",만 17세 이상 실명의 개인 및 개인사업자,단리,자유적립식,1,1.2,7.2,1금융권
주식회사 케이뱅크,주거래우대 자유적금,스마트폰,"만기 후 
- 1개월 이내: 만기시점 기본금리 X 50% 
- 1개월 초과 ~ 6개월 이내: 만기시점 기본금리 X 30%
- 6개월 초과: 연 0.20%","급여이체 또는 통신비 자동이체, 체크카드 고객에게 우대금리 제공 (최고 연 0.6%)",만 17세 이상 실명의 개인 및 개인사업자,단리,자유적립식,6,3.2,3.8,1금융권
주식회사 케이뱅크,주거래우대 자유적금,스마트폰,"만기 후 
- 1개월 이내: 만기시점 기본금리 X 50% 
- 1개월 초과 ~ 6개월 이내: 만기시점 기본금리 X 30%
- 6개월 초과: 연 0.20%","급여이체 또는 통신비 자동이체, 체크카드 고객에게 우대금리 제공 (최고 연 0.6%)",만 17세 이상 실명의 개인 및 개인사업자,단리,자유적립식,12,3.4,4.0,1금융권
주식회사 케이뱅크,주거래우대 자유적금,스마트폰,"만기 후 
- 1개월 이내: 만기시점 기본금리 X 50% 
- 1개월 초과 ~ 6개월 이내: 만기시점 기본금리 X 30%
- 6개월 초과: 연 0.20%","급여이체 또는 통신비 자동이체, 체크카드 고객에게 우대금리 제공 (최고 연 0.6%)",만 17세 이상 실명의 개인 및 개인사업자,단리,자유적립식,24,3.4,4.0,1금융권
주식회사 케이뱅크,주거래우대 자유적금,스마트폰,"만기 후 
- 1개월 이내: 만기시점 기본금리 X 50% 
- 1개월 초과 ~ 6개월 이내: 만기시점 기본금리 X 30%
- 6개월 초과: 연 0.20%","급여이체 또는 통신비 자동이체, 체크카드 고객에게 우대금리 제공 (최고 연 0.6%)",만 17세 이상 실명의 개인 및 개인사업자,단리,자유적립식,36,3.4,4.0,1금융권
주식회사 케이뱅크,코드K 자유적금,스마트폰,"만기 후 
- 1개월 이내: 만기시점 기본금리 X 50% 
- 1개월 초과 ~ 6개월 이내: 만기시점 기본금리 X 30%
- 6개월 초과: 연 0.20%",금리우대 코드를 입력하는 경우 우대금리 적용,만 17세 이상 실명의 개인 및 개인사업자,단리,자유적립식,1,3.0,3.0,1금융권
주식회사 케이뱅크,코드K 자유적금,스마트폰,"만기 후 
- 1개월 이내: 만기시점 기본금리 X 50% 
- 1개월 초과 ~ 6개월 이내: 만기시점 기본금리 X 30%
- 6개월 초과: 연 0.20%",금리우대 코드를 입력하는 경우 우대금리 적용,만 17세 이상 실명의 개인 및 개인사업자,단리,자유적립식,3,3.2,3.2,1금융권
주식회사 케이뱅크,코드K 자유적금,스마트폰,"만기 후 
- 1개월 이내: 만기시점 기본금리 X 50% 
- 1개월 초과 ~ 6개월 이내: 만기시점 기본금리 X 30%
- 6개월 초과: 연 0.20%",금리우대 코드를 입력하는 경우 우대금리 적용,만 17세 이상 실명의 개인 및 개인사업자,단리,자유적립식,6,3.3,3.3,1금융권
주식회사 케이뱅크,코드K 자유적금,스마트폰,"만기 후 
- 1개월 이내: 만기시점 기본금리 X 50% 
- 1개월 초과 ~ 6개월 이내: 만기시점 기본금리 X 30%
- 6개월 초과: 연 0.20%",금리우대 코드를 입력하는 경우 우대금리 적용,만 17세 이상 실명의 개인 및 개인사업자,단리,자유적립식,12,3.5,3.5,1금융권
주식회사 케이뱅크,코드K 자유적금,스마트폰,"만기 후 
- 1개월 이내: 만기시점 기본금리 X 50% 
- 1개월 초과 ~ 6개월 이내: 만기시점 기본금리 X 30%
- 6개월 초과: 연 0.20%",금리우대 코드를 입력하는 경우 우대금리 적용,만 17세 이상 실명의 개인 및 개인사업자,단리,자유적립식,24,3.5,3.5,1금융권
주식회사 케이뱅크,코드K 자유적금,스마트폰,"만기 후 
- 1개월 이내: 만기시점 기본금리 X 50% 
- 1개월 초과 ~ 6개월 이내: 만기시점 기본금리 X 30%
- 6개월 초과: 연 0.20%",금리우대 코드를 입력하는 경우 우대금리 적용,만 17세 이상 실명의 개인 및 개인사업자,단리,자유적립식,36,3.5,3.5,1금융권
중소기업은행,IBK D-day적금(자유적립식),스마트폰,"만기일 당시 정기적금 만기후금리 적용
- 1개월 이내: 만기일 당시 약정금리x50%
- 1월 초과 6개월 이내: 만기일 당시 약정금리x30%
- 6개월 초과: 만기일 당시 약정금리x20%","최고 연 1.5%p
1. 목표달성 축하금리 : 연 1.0%p
  - 당행 입출금식 계좌에서 이 적금으로 자동이체를 통해 3회 이상 납입하고 만기일 전일까지 목표금액(신규 시 직접 설정) 이상 납입하는 경우
2. 최초거래고객 우대금리 : 연 0.5%p","실명의 개인
(개인사업자 제외)",단리,자유적립식,1,2.45,3.95,1금융권
중소기업은행,IBK D-day적금(자유적립식),스마트폰,"만기일 당시 정기적금 만기후금리 적용
- 1개월 이내: 만기일 당시 약정금리x50%
- 1월 초과 6개월 이내: 만기일 당시 약정금리x30%
- 6개월 초과: 만기일 당시 약정금리x20%","최고 연 1.5%p
1. 목표달성 축하금리 : 연 1.0%p
  - 당행 입출금식 계좌에서 이 적금으로 자동이체를 통해 3회 이상 납입하고 만기일 전일까지 목표금액(신규 시 직접 설정) 이상 납입하는 경우
2. 최초거래고객 우대금리 : 연 0.5%p","실명의 개인
(개인사업자 제외)",단리,자유적립식,3,2.45,3.95,1금융권
중소기업은행,IBK D-day적금(자유적립식),스마트폰,"만기일 당시 정기적금 만기후금리 적용
- 1개월 이내: 만기일 당시 약정금리x50%
- 1월 초과 6개월 이내: 만기일 당시 약정금리x30%
- 6개월 초과: 만기일 당시 약정금리x20%","최고 연 1.5%p
1. 목표달성 축하금리 : 연 1.0%p
  - 당행 입출금식 계좌에서 이 적금으로 자동이체를 통해 3회 이상 납입하고 만기일 전일까지 목표금액(신규 시 직접 설정) 이상 납입하는 경우
2. 최초거래고객 우대금리 : 연 0.5%p","실명의 개인
(개인사업자 제외)",단리,자유적립식,6,2.65,4.15,1금융권
중소기업은행,IBK D-day적금(자유적립식),스마트폰,"만기일 당시 정기적금 만기후금리 적용
- 1개월 이내: 만기일 당시 약정금리x50%
- 1월 초과 6개월 이내: 만기일 당시 약정금리x30%
- 6개월 초과: 만기일 당시 약정금리x20%","최고 연 1.5%p
1. 목표달성 축하금리 : 연 1.0%p
  - 당행 입출금식 계좌에서 이 적금으로 자동이체를 통해 3회 이상 납입하고 만기일 전일까지 목표금액(신규 시 직접 설정) 이상 납입하는 경우
2. 최초거래고객 우대금리 : 연 0.5%p","실명의 개인
(개인사업자 제외)",단리,자유적립식,12,2.85,4.35,1금융권
중소기업은행,IBK모으기통장(자유적립식),"영업점,스마트폰","만기일 당시 정기적금 만기후금리 적용
- 1개월 이내: 만기일 당시 약정금리x50%
- 1월 초과 6개월 이내: 만기일 당시 약정금리x30%
- 6개월 초과: 만기일 당시 약정금리x20%","최고 연 0.20%p
1. 자동이체 우대금리 : 연 0.20%p
- 6개월 이상 12개월 미만 : 3회
 12개월 이상 24개월 미만 : 6회
 24개월 이상 36개월 미만 : 12회
 36개월 : 18회","실명의 개인
(개인사업자 제외)",단리,자유적립식,6,2.45,2.65,1금융권
중소기업은행,IBK모으기통장(자유적립식),"영업점,스마트폰","만기일 당시 정기적금 만기후금리 적용
- 1개월 이내: 만기일 당시 약정금리x50%
- 1월 초과 6개월 이내: 만기일 당시 약정금리x30%
- 6개월 초과: 만기일 당시 약정금리x20%","최고 연 0.20%p
1. 자동이체 우대금리 : 연 0.20%p
- 6개월 이상 12개월 미만 : 3회
 12개월 이상 24개월 미만 : 6회
 24개월 이상 36개월 미만 : 12회
 36개월 : 18회","실명의 개인
(개인사업자 제외)",단리,자유적립식,12,2.55,2.75,1금융권
중소기업은행,IBK모으기통장(자유적립식),"영업점,스마트폰","만기일 당시 정기적금 만기후금리 적용
- 1개월 이내: 만기일 당시 약정금리x50%
- 1월 초과 6개월 이내: 만기일 당시 약정금리x30%
- 6개월 초과: 만기일 당시 약정금리x20%","최고 연 0.20%p
1. 자동이체 우대금리 : 연 0.20%p
- 6개월 이상 12개월 미만 : 3회
 12개월 이상 24개월 미만 : 6회
 24개월 이상 36개월 미만 : 12회
 36개월 : 18회","실명의 개인
(개인사업자 제외)",단리,자유적립식,24,2.55,2.75,1금융권
중소기업은행,IBK모으기통장(자유적립식),"영업점,스마트폰","만기일 당시 정기적금 만기후금리 적용
- 1개월 이내: 만기일 당시 약정금리x50%
- 1월 초과 6개월 이내: 만기일 당시 약정금리x30%
- 6개월 초과: 만기일 당시 약정금리x20%","최고 연 0.20%p
1. 자동이체 우대금리 : 연 0.20%p
- 6개월 이상 12개월 미만 : 3회
 12개월 이상 24개월 미만 : 6회
 24개월 이상 36개월 미만 : 12회
 36개월 : 18회","실명의 개인
(개인사업자 제외)",단리,자유적립식,36,2.55,2.75,1금융권
중소기업은행,"IBK중기근로자우대적금
(자유적립식)","영업점,스마트폰","만기일 당시 정기적금 만기후금리 적용
- 1개월 이내: 만기일 당시 약정금리x50%
- 1월 초과 6개월 이내: 만기일 당시 약정금리x30%
- 6개월 초과: 만기일 당시 약정금리x20%","최고 연 2.20%p
1. 가입시점 중소기업 근로자로 확인된 경우 : 재직기간에 따라 최고 연 1.2%p
2. 당행 급여이체 실적(월50만원 이상) 6개월 이상
   인 경우 : 연 1.0%p","중소기업에서 근무하는
실명의 개인
(개인사업자 제외)",단리,자유적립식,12,2.75,4.95,1금융권
중소기업은행,IBK탄소제로적금(자유적립식),스마트폰,"만기일 당시 정기적금 만기후금리 적용
- 1개월 이내: 만기일 당시 약정금리x50%
- 1월 초과 6개월 이내: 만기일 당시 약정금리x30%
- 6개월 초과: 만기일 당시 약정금리x20%","최고 연 2.00%p
1. 에너지 절감 우대금리 : 최대 연 1.00%p
2. 최초거래고객 우대금리 : 연 0.50%p
3. 지로 또는 공과금 자동이체 우대금리 : 연 0.50%p","실명의 개인
(개인사업자 제외)",단리,자유적립식,12,2.5,4.5,1금융권
토스뱅크 주식회사,토스뱅크 굴비 적금,스마트폰,"· 만기 후 1개월 이내 : 만기시점 기본금리 X 50% 
· 만기 후 1개월 초과 3개월 이내 : 만기시점 기본금리 X 20% 
· 만기 후 3개월 초과 : 연 0.10%",· 만기 해지 시 : 연 2.50% 제공,· 토스뱅크 통장 또는 토스뱅크 서브 통장을 보유한 실명의 개인,단리,자유적립식,6,1.8,4.3,1금융권
토스뱅크 주식회사,토스뱅크 아이 적금,스마트폰,"· 만기 후 1개월 이내 : 만기시점 기본금리 X 50% 
· 만기 후 1개월 초과 3개월 이내 : 만기시점 기본금리 X 20% 
· 만기 후 3개월 초과 : 연 0.10%",· 적금 가입 시 설정되는 월 단위 자동이체를 모두 성공하는 경우 : 연 2.50% 제공,· 토스뱅크 아이 통장을 보유한 15세 이하 실명의 개인,단리,자유적립식,12,2.8,5.3,1금융권
토스뱅크 주식회사,토스뱅크 자유 적금,스마트폰,"· 만기 후 1개월 이내 : 만기시점 기본금리 X 50% 
· 만기 후 1개월 초과 3개월 이내 : 만기시점 기본금리 X 20% 
· 만기 후 3개월 초과 : 연 0.10%",· 적금 가입 시 설정되는 월 단위 자동이체를 모두 성공하는 경우 : 연 0.50% 제공,· 토스뱅크 통장 또는 토스뱅크 서브 통장을 보유한 실명의 개인,단리,자유적립식,3,1.3,1.8,1금융권
토스뱅크 주식회사,토스뱅크 자유 적금,스마트폰,"· 만기 후 1개월 이내 : 만기시점 기본금리 X 50% 
· 만기 후 1개월 초과 3개월 이내 : 만기시점 기본금리 X 20% 
· 만기 후 3개월 초과 : 연 0.10%",· 적금 가입 시 설정되는 월 단위 자동이체를 모두 성공하는 경우 : 연 0.50% 제공,· 토스뱅크 통장 또는 토스뱅크 서브 통장을 보유한 실명의 개인,단리,자유적립식,6,1.8,2.3,1금융권
토스뱅크 주식회사,토스뱅크 자유 적금,스마트폰,"· 만기 후 1개월 이내 : 만기시점 기본금리 X 50% 
· 만기 후 1개월 초과 3개월 이내 : 만기시점 기본금리 X 20% 
· 만기 후 3개월 초과 : 연 0.10%",· 적금 가입 시 설정되는 월 단위 자동이체를 모두 성공하는 경우 : 연 0.50% 제공,· 토스뱅크 통장 또는 토스뱅크 서브 통장을 보유한 실명의 개인,단리,자유적립식,12,2.8,3.3,1금융권
토스뱅크 주식회사,토스뱅크 자유 적금,스마트폰,"· 만기 후 1개월 이내 : 만기시점 기본금리 X 50% 
· 만기 후 1개월 초과 3개월 이내 : 만기시점 기본금리 X 20% 
· 만기 후 3개월 초과 : 연 0.10%",· 적금 가입 시 설정되는 월 단위 자동이체를 모두 성공하는 경우 : 연 0.50% 제공,· 토스뱅크 통장 또는 토스뱅크 서브 통장을 보유한 실명의 개인,단리,자유적립식,24,2.8,3.3,1금융권
토스뱅크 주식회사,토스뱅크 자유 적금,스마트폰,"· 만기 후 1개월 이내 : 만기시점 기본금리 X 50% 
· 만기 후 1개월 초과 3개월 이내 : 만기시점 기본금리 X 20% 
· 만기 후 3개월 초과 : 연 0.10%",· 적금 가입 시 설정되는 월 단위 자동이체를 모두 성공하는 경우 : 연 0.50% 제공,· 토스뱅크 통장 또는 토스뱅크 서브 통장을 보유한 실명의 개인,단리,자유적립식,36,2.8,3.3,1금융권
토스뱅크 주식회사,토스뱅크 키워봐요 적금,스마트폰,"· 만기 후 1개월 이내 : 만기시점 기본금리 X 50% 
· 만기 후 1개월 초과 3개월 이내 : 만기시점 기본금리 X 20% 
· 만기 후 3개월 초과 : 연 0.10%",· 적금 가입 시 설정되는 주 단위 자동이체를 통하여 25회 이상 적립한 경우 : 연 2.00% 제공,· 토스뱅크 통장 또는 토스뱅크 서브 통장을 보유한 실명의 개인,단리,자유적립식,6,1.8,3.8,1금융권
하나은행,내맘적금,"영업점,인터넷,스마트폰,전화(텔레뱅킹)","1개월 이내 : 지급당시 해당기간별 일반정기적금 기본금리 1/2
1개월 초과 : 지급당시 해당기간별 일반정기적금 기본금리 1/4",하나은행 통장에서 계약기간의 1/2이상 월부금 자동이체실적 충족 시 연 0.50%,"실명의 개인
또는 개인사업자(1인 다계좌 가능)",단리,자유적립식,6,2.0,2.5,1금융권
하나은행,내맘적금,"영업점,인터넷,스마트폰,전화(텔레뱅킹)","1개월 이내 : 지급당시 해당기간별 일반정기적금 기본금리 1/2
1개월 초과 : 지급당시 해당기간별 일반정기적금 기본금리 1/4",하나은행 통장에서 계약기간의 1/2이상 월부금 자동이체실적 충족 시 연 0.50%,"실명의 개인
또는 개인사업자(1인 다계좌 가능)",단리,정액적립식,6,2.4,2.9,1금융권
하나은행,내맘적금,"영업점,인터넷,스마트폰,전화(텔레뱅킹)","1개월 이내 : 지급당시 해당기간별 일반정기적금 기본금리 1/2
1개월 초과 : 지급당시 해당기간별 일반정기적금 기본금리 1/4",하나은행 통장에서 계약기간의 1/2이상 월부금 자동이체실적 충족 시 연 0.50%,"실명의 개인
또는 개인사업자(1인 다계좌 가능)",단리,자유적립식,12,2.1,2.6,1금융권
하나은행,내맘적금,"영업점,인터넷,스마트폰,전화(텔레뱅킹)","1개월 이내 : 지급당시 해당기간별 일반정기적금 기본금리 1/2
1개월 초과 : 지급당시 해당기간별 일반정기적금 기본금리 1/4",하나은행 통장에서 계약기간의 1/2이상 월부금 자동이체실적 충족 시 연 0.50%,"실명의 개인
또는 개인사업자(1인 다계좌 가능)",단리,정액적립식,12,2.5,3.0,1금융권
하나은행,내맘적금,"영업점,인터넷,스마트폰,전화(텔레뱅킹)","1개월 이내 : 지급당시 해당기간별 일반정기적금 기본금리 1/2
1개월 초과 : 지급당시 해당기간별 일반정기적금 기본금리 1/4",하나은행 통장에서 계약기간의 1/2이상 월부금 자동이체실적 충족 시 연 0.50%,"실명의 개인
또는 개인사업자(1인 다계좌 가능)",단리,정액적립식,24,2.6,3.1,1금융권
하나은행,내맘적금,"영업점,인터넷,스마트폰,전화(텔레뱅킹)","1개월 이내 : 지급당시 해당기간별 일반정기적금 기본금리 1/2
1개월 초과 : 지급당시 해당기간별 일반정기적금 기본금리 1/4",하나은행 통장에서 계약기간의 1/2이상 월부금 자동이체실적 충족 시 연 0.50%,"실명의 개인
또는 개인사업자(1인 다계좌 가능)",단리,자유적립식,24,2.2,2.7,1금융권
하나은행,내맘적금,"영업점,인터넷,스마트폰,전화(텔레뱅킹)","1개월 이내 : 지급당시 해당기간별 일반정기적금 기본금리 1/2
1개월 초과 : 지급당시 해당기간별 일반정기적금 기본금리 1/4",하나은행 통장에서 계약기간의 1/2이상 월부금 자동이체실적 충족 시 연 0.50%,"실명의 개인
또는 개인사업자(1인 다계좌 가능)",단리,정액적립식,36,2.7,3.2,1금융권
하나은행,내맘적금,"영업점,인터넷,스마트폰,전화(텔레뱅킹)","1개월 이내 : 지급당시 해당기간별 일반정기적금 기본금리 1/2
1개월 초과 : 지급당시 해당기간별 일반정기적금 기본금리 1/4",하나은행 통장에서 계약기간의 1/2이상 월부금 자동이체실적 충족 시 연 0.50%,"실명의 개인
또는 개인사업자(1인 다계좌 가능)",단리,자유적립식,36,2.3,2.8,1금융권
하나은행,주거래하나 월복리적금,"영업점,인터넷,스마트폰","1개월 이내 : 지급당시 해당기간별 일반정기적금 기본금리 1/2
1개월 초과 : 지급당시 해당기간별 일반정기적금 기본금리 1/4","최고 연1.0%
- 주거래하나우대(연 0.5%) : 적금만기 전전월말기준 본인명의 당행입출금통장을 통해 계약기간 1/2이상 이체된 주거래실적 1종  - 주거래플러스우대(연 0.9%) : 주거래 하나우대와 동일요건의 거래실적 2종이상 경우 
- 온라인.재예치우대 연 최대 0.1%","실명의 개인
또는 개인사업자",복리,자유적립식,12,3.2,4.2,1금융권
하나은행,주거래하나 월복리적금,"영업점,인터넷,스마트폰","1개월 이내 : 지급당시 해당기간별 일반정기적금 기본금리 1/2
1개월 초과 : 지급당시 해당기간별 일반정기적금 기본금리 1/4","최고 연1.0%
- 주거래하나우대(연 0.5%) : 적금만기 전전월말기준 본인명의 당행입출금통장을 통해 계약기간 1/2이상 이체된 주거래실적 1종  - 주거래플러스우대(연 0.9%) : 주거래 하나우대와 동일요건의 거래실적 2종이상 경우 
- 온라인.재예치우대 연 최대 0.1%","실명의 개인
또는 개인사업자",복리,자유적립식,24,3.3,4.3,1금융권
하나은행,주거래하나 월복리적금,"영업점,인터넷,스마트폰","1개월 이내 : 지급당시 해당기간별 일반정기적금 기본금리 1/2
1개월 초과 : 지급당시 해당기간별 일반정기적금 기본금리 1/4","최고 연1.0%
- 주거래하나우대(연 0.5%) : 적금만기 전전월말기준 본인명의 당행입출금통장을 통해 계약기간 1/2이상 이체된 주거래실적 1종  - 주거래플러스우대(연 0.9%) : 주거래 하나우대와 동일요건의 거래실적 2종이상 경우 
- 온라인.재예치우대 연 최대 0.1%","실명의 개인
또는 개인사업자",복리,자유적립식,36,3.4,4.4,1금융권
한국산업은행,KDB 기업정기적금,"영업점,인터넷","* 만기후 1년 이내 : 만기일 현재 고시된 일반 정기적금 해당예금기간 기본이율의 1/2
* 만기후 1년 초과 : 만기일 현재 고시된 보통예금 이율",해당없음,"개인사업자, 조합(비영리법인 포함), 법인",단리,정액적립식,6,1.61,1.61,1금융권
한국산업은행,KDB 기업정기적금,"영업점,인터넷","* 만기후 1년 이내 : 만기일 현재 고시된 일반 정기적금 해당예금기간 기본이율의 1/2
* 만기후 1년 초과 : 만기일 현재 고시된 보통예금 이율",해당없음,"개인사업자, 조합(비영리법인 포함), 법인",단리,정액적립식,12,1.52,1.52,1금융권
한국산업은행,KDB 기업정기적금,"영업점,인터넷","* 만기후 1년 이내 : 만기일 현재 고시된 일반 정기적금 해당예금기간 기본이율의 1/2
* 만기후 1년 초과 : 만기일 현재 고시된 보통예금 이율",해당없음,"개인사업자, 조합(비영리법인 포함), 법인",단리,정액적립식,24,1.45,1.45,1금융권
한국산업은행,KDB 기업정기적금,"영업점,인터넷","* 만기후 1년 이내 : 만기일 현재 고시된 일반 정기적금 해당예금기간 기본이율의 1/2
* 만기후 1년 초과 : 만기일 현재 고시된 보통예금 이율",해당없음,"개인사업자, 조합(비영리법인 포함), 법인",단리,정액적립식,36,1.39,1.39,1금융권
한국산업은행,KDB 자유적금,"영업점,인터넷,스마트폰","* 만기후 1년 이내 : 만기일 현재 고시된 일반 정기적금 해당예금기간 기본이율의 1/2
* 만기후 1년 초과 : 만기일 현재 고시된 보통예금 이율",해당없음,"개인, 개인사업자, 임의단체",단리,자유적립식,1,1.91,1.91,1금융권
한국산업은행,KDB 자유적금,"영업점,인터넷,스마트폰","* 만기후 1년 이내 : 만기일 현재 고시된 일반 정기적금 해당예금기간 기본이율의 1/2
* 만기후 1년 초과 : 만기일 현재 고시된 보통예금 이율",해당없음,"개인, 개인사업자, 임의단체",단리,자유적립식,3,1.91,1.91,1금융권
한국산업은행,KDB 자유적금,"영업점,인터넷,스마트폰","* 만기후 1년 이내 : 만기일 현재 고시된 일반 정기적금 해당예금기간 기본이율의 1/2
* 만기후 1년 초과 : 만기일 현재 고시된 보통예금 이율",해당없음,"개인, 개인사업자, 임의단체",단리,자유적립식,6,2.01,2.01,1금융권
한국산업은행,KDB 자유적금,"영업점,인터넷,스마트폰","* 만기후 1년 이내 : 만기일 현재 고시된 일반 정기적금 해당예금기간 기본이율의 1/2
* 만기후 1년 초과 : 만기일 현재 고시된 보통예금 이율",해당없음,"개인, 개인사업자, 임의단체",단리,자유적립식,12,2.12,2.12,1금융권
한국산업은행,KDB 자유적금,"영업점,인터넷,스마트폰","* 만기후 1년 이내 : 만기일 현재 고시된 일반 정기적금 해당예금기간 기본이율의 1/2
* 만기후 1년 초과 : 만기일 현재 고시된 보통예금 이율",해당없음,"개인, 개인사업자, 임의단체",단리,자유적립식,24,1.9,1.9,1금융권
한국산업은행,KDB 자유적금,"영업점,인터넷,스마트폰","* 만기후 1년 이내 : 만기일 현재 고시된 일반 정기적금 해당예금기간 기본이율의 1/2
* 만기후 1년 초과 : 만기일 현재 고시된 보통예금 이율",해당없음,"개인, 개인사업자, 임의단체",단리,자유적립식,36,1.84,1.84,1금융권
한국스탠다드차타드은행,퍼스트가계적금,"영업점,인터넷,스마트폰","만기 후 1개월: 약정이율의 50%
만기 후 1개월 초과 1년 이내: 약정이율의 30%
만기 후 1년 초과: 약정이율의 10%",없음,개인(개인사업자 포함),단리,자유적립식,6,2.5,2.5,1금융권
한국스탠다드차타드은행,퍼스트가계적금,"영업점,인터넷,스마트폰","만기 후 1개월: 약정이율의 50%
만기 후 1개월 초과 1년 이내: 약정이율의 30%
만기 후 1년 초과: 약정이율의 10%",없음,개인(개인사업자 포함),단리,정액적립식,6,2.6,2.6,1금융권
한국스탠다드차타드은행,퍼스트가계적금,"영업점,인터넷,스마트폰","만기 후 1개월: 약정이율의 50%
만기 후 1개월 초과 1년 이내: 약정이율의 30%
만기 후 1년 초과: 약정이율의 10%",없음,개인(개인사업자 포함),단리,자유적립식,12,2.75,2.75,1금융권
한국스탠다드차타드은행,퍼스트가계적금,"영업점,인터넷,스마트폰","만기 후 1개월: 약정이율의 50%
만기 후 1개월 초과 1년 이내: 약정이율의 30%
만기 후 1년 초과: 약정이율의 10%",없음,개인(개인사업자 포함),단리,정액적립식,12,2.9,2.9,1금융권
한국스탠다드차타드은행,퍼스트가계적금,"영업점,인터넷,스마트폰","만기 후 1개월: 약정이율의 50%
만기 후 1개월 초과 1년 이내: 약정이율의 30%
만기 후 1년 초과: 약정이율의 10%",없음,개인(개인사업자 포함),단리,자유적립식,24,2.8,2.8,1금융권
한국스탠다드차타드은행,퍼스트가계적금,"영업점,인터넷,스마트폰","만기 후 1개월: 약정이율의 50%
만기 후 1개월 초과 1년 이내: 약정이율의 30%
만기 후 1년 초과: 약정이율의 10%",없음,개인(개인사업자 포함),단리,정액적립식,24,2.95,2.95,1금융권
한국스탠다드차타드은행,퍼스트가계적금,"영업점,인터넷,스마트폰","만기 후 1개월: 약정이율의 50%
만기 후 1개월 초과 1년 이내: 약정이율의 30%
만기 후 1년 초과: 약정이율의 10%",없음,개인(개인사업자 포함),단리,자유적립식,36,2.85,2.85,1금융권
한국스탠다드차타드은행,퍼스트가계적금,"영업점,인터넷,스마트폰","만기 후 1개월: 약정이율의 50%
만기 후 1개월 초과 1년 이내: 약정이율의 30%
만기 후 1년 초과: 약정이율의 10%",없음,개인(개인사업자 포함),단리,정액적립식,36,3.0,3.0,1금융권
